#,,base:cevent_vision_dom-joint-inhand_child,,,,,cevent_eye_roi_child,,,,,,cevent_eye_roi_parent,,,,,,cont_vision_size_obj#_child,,,
#,,,,,,,individual_prop,,individual_mean_dur,,individual_freq,,individual_prop,,individual_mean_dur,,individual_freq,,individual_mean,,individual_median,
#,,,,,,,target,other,target,other,target,other,target,other,target,other,target,other,target,other,target,other
#subID,expID,onset,offset,category,trialsID,instanceID,cat-all,cat-all,cat-all,cat-all,cat-all,cat-all,cat-all,cat-all,cat-all,cat-all,cat-all,cat-all,cat-all,cat-all,cat-all,cat-all
1201,12,43.433,43.767,9,1,1,1,0,0.3333,0,180.02,0,0,0,0,0,0,0,0.16184,0.026639,0.16168,0.026335
1201,12,43.8,44.167,9,1,2,1,0,0.3666,0,163.67,0,0,0,0,0,0,0,0.11494,0.032157,0.11505,0.0323
1201,12,56.133,56.867,21,1,3,1,0,0.7333,0,81.822,0,0.59098,0,0.43337,0,81.822,0,0.096324,0.016571,0.097646,0.014798
1201,12,60.2,60.6,21,1,4,1,0,0.4,0,150,0,0,0,0,0,0,0,0.39729,0.037782,0.37546,0.033605
1201,12,61.5,61.833,21,1,5,0,1,0,0.3333,0,180.02,0,0,0,0,0,0,0.21323,0.033811,0.21817,0.029876
1201,12,62.533,62.8,21,1,6,0,1,0,0.2667,0,224.97,0,0,0,0,0,0,0.16978,0.039942,0.14729,0.039136
1201,12,62.933,62.967,21,1,7,0,1,0,0.0333,0,1801.8,1,0,0.0333,0,1801.8,0,0.16189,0.080081,0.16189,0.080081
1201,12,69.167,69.6,21,1,8,1,0,0.4333,0,138.47,0,0.61543,0,0.26667,0,138.47,0,0.19406,0.032678,0.1975,0.030211
1201,12,70.867,71.033,21,1,9,1,0,0.1666,0,360.14,0,1,0,0.1666,0,360.14,0,0.16747,0.026985,0.15064,0.02727
1201,12,71.533,73.767,21,1,10,1,0,2.2333,0,26.866,0,1,0,2.2333,0,26.866,0,0.4237,0.029877,0.42304,0.028997
1201,12,73.8,73.933,21,1,11,1,0,0.1333,0,450.11,0,1,0,0.1333,0,450.11,0,0.71505,0.039131,0.71346,0.038455
1201,12,73.967,78.367,21,1,12,0.59849,0,2.6333,0,13.637,0,0.37879,0,1.6666,0,13.637,0,0.37803,0.031152,0.41353,0.034223
1201,12,79.633,79.867,21,1,13,1,0,0.2333,0,257.18,0,1,0,0.2333,0,257.18,0,0.26275,0.065154,0.2736,0.063543
1201,12,79.9,80.033,21,1,14,1,0,0.1333,0,450.11,0,1,0,0.1333,0,450.11,0,0.25503,0.055979,0.2621,0.055751
1201,12,80.5,81.267,21,1,15,1,0,0.7666,0,78.268,0,1,0,0.7666,0,78.268,0,0.3503,0.037549,0.33113,0.03644
1201,12,116.7,117.2,7,1,16,1,0,0.5,0,120,0,0,0,0,0,0,0,0.14532,0.032622,0.14462,0.03187
1201,12,163.2,164.33,17,1,17,1,0,1.1333,0,52.943,0,1,0,1.1333,0,52.943,0,0.29927,0.02967,0.30773,0.02785
1201,12,166.17,166.53,17,1,18,1,0,0.3666,0,163.67,0,1,0,0.3666,0,163.67,0,0.1327,0.030043,0.13367,0.029615
1201,12,166.57,167.67,17,1,19,1,0,1.0999,0,54.55,0,1,0,1.0999,0,54.55,0,0.16315,0.026027,0.17652,0.02492
1201,12,167.77,168.97,17,1,20,1,0,1.1999,0,50.004,0,1,0,1.1999,0,50.004,0,0.14874,0.03198,0.15055,0.03241
1201,12,178.1,179.47,17,1,21,1,0,1.3666,0,43.905,0,0.7073,0,0.9666,0,43.905,0,0.30603,0.033714,0.29124,0.032855
1201,12,179.5,179.97,17,1,22,1,0,0.4666,0,128.59,0,1,0,0.4666,0,128.59,0,0.19408,0.028819,0.20058,0.027672
1201,12,180,180.67,17,1,23,1,0,0.6666,0,90.009,0,1,0,0.6666,0,90.009,0,0.15329,0.033078,0.11972,0.033426
1201,12,180.93,181.63,17,1,24,1,0,0.7,0,85.714,0,1,0,0.7,0,85.714,0,0.14496,0.035416,0.15134,0.034325
1201,12,182.03,182.07,17,1,25,1,0,0.0333,0,1801.8,0,1,0,0.0333,0,1801.8,0,0.092708,0.030372,0.092708,0.030372
1201,12,182.7,184.13,17,1,26,1,0,1.4333,0,41.861,0,1,0,1.4333,0,41.861,0,0.13758,0.034373,0.13879,0.035018
1201,12,201.83,203.4,17,1,27,1,0,1.5667,0,38.297,0,1,0,1.5667,0,38.297,0,0.14511,0.03428,0.14861,0.033059
1201,12,204.07,205.97,17,1,28,1,0,1.8999,0,31.581,0,0,0.78946,0,0.49997,0,94.742,0.14972,0.036081,0.14211,0.036221
1201,12,228.3,229.3,17,1,29,1,0,1,0,60,0,0.066667,0,0.066667,0,60,0,0.25347,0.035975,0.26206,0.036019
1201,12,231.23,231.57,17,1,30,1,0,0.3333,0,180.02,0,1,0,0.3333,0,180.02,0,0.26319,0.042464,0.26572,0.038574
1201,12,231.6,233.1,17,1,31,1,0,1.5,0,40,0,1,0,1.5,0,40,0,0.18823,0.042325,0.19258,0.040509
1201,12,233.4,233.47,17,1,32,1,0,0.0666,0,900.9,0,1,0,0.0666,0,900.9,0,0.11901,0.035331,0.11901,0.035331
1201,12,234.2,234.27,17,1,33,1,0,0.0666,0,900.9,0,1,0,0.0666,0,900.9,0,0.14078,0.038174,0.14078,0.038174
1201,12,234.47,236.2,17,1,34,1,0,1.7333,0,34.616,0,1,0,1.7333,0,34.616,0,0.19708,0.030879,0.19479,0.031486
1201,12,394,394.03,15,2,35,1,0,0.0333,0,1801.8,0,1,0,0.0333,0,1801.8,0,0.17917,0.038251,0.17917,0.038251
1201,12,394.43,394.73,15,2,36,0.66678,0,0.20003,0,200,0,0,0,0,0,0,0,0.37979,0.034213,0.33617,0.033735
1201,12,400.47,400.93,15,2,37,1,0,0.4666,0,128.59,0,0,0,0,0,0,0,0.40316,0.087275,0.40727,0.079342
1201,12,401.67,401.7,15,2,38,1,0,0.0333,0,1801.8,0,0,0,0,0,0,0,0,0,0,0
1201,12,402.07,404.43,15,2,39,1,0,2.3666,0,25.353,0,0,0,0,0,0,0,0.34927,0.081284,0.34182,0.077273
1201,12,404.5,404.53,15,2,40,1,0,0.0333,0,1801.8,0,0,0,0,0,0,0,0.25934,0.050246,0.25934,0.050246
1201,12,404.67,404.73,15,2,41,1,0,0.0666,0,900.9,0,0,0,0,0,0,0,0.25967,0.071022,0.25967,0.071022
1201,12,405.17,405.23,15,2,42,1,0,0.0666,0,900.9,0,0,0,0,0,0,0,0.25292,0.063611,0.25292,0.063611
1201,12,414.3,415.23,3,2,43,1,0,0.9333,0,64.288,0,0.17858,0.21426,0.16667,0.19997,64.288,64.288,0.12359,0.037109,0.12968,0.038348
1201,12,415.27,415.5,3,2,44,1,0,0.2333,0,257.18,0,0,0.14273,0,0.0333,0,257.18,0.11387,0.034604,0.11531,0.034706
1201,12,415.9,416.63,3,2,45,0.40911,0.49998,0.3,0.36663,81.822,81.822,0,0,0,0,0,0,0.1564,0.043431,0.14302,0.043305
1201,12,453.77,453.87,16,2,46,1,0,0.0999,0,600.6,0,0,0,0,0,0,0,0.16563,0.035704,0.16563,0.035704
1201,12,453.93,454.3,16,2,47,1,0,0.3667,0,163.62,0,0,0,0,0,0,0,0.16213,0.036065,0.15482,0.035819
1201,12,461.13,461.77,8,2,48,1,0,0.6333,0,94.742,0,0,0,0,0,0,0,0.17509,0.02429,0.18012,0.02429
1201,12,462.57,462.67,8,2,49,1,0,0.0999,0,600.6,0,1,0,0.0999,0,600.6,0,0.11754,0.025211,0.11754,0.025211
1201,12,463.63,464.43,8,2,50,1,0,0.8,0,75,0,0,0,0,0,0,0,0.12283,0.037898,0.11989,0.038109
1201,12,478.23,478.53,14,2,51,1,0,0.3,0,200,0,1,0,0.3,0,200,0,0.13735,0.041611,0.14052,0.042833
1201,12,479,479.13,14,2,52,1,0,0.1333,0,450.11,0,0,0.49987,0,0.033317,0,900.23,0.17435,0.039818,0.18029,0.039919
1201,12,524.57,525,21,2,53,1,0,0.4333,0,138.47,0,1,0,0.4333,0,138.47,0,0.1628,0.02994,0.16191,0.030103
1201,12,532.37,533.3,21,2,54,1,0,0.9333,0,64.288,0,0.74999,0,0.69997,0,64.288,0,0.42242,0.030035,0.41917,0.029663
1201,12,555.03,555.07,15,2,55,0,1,0,0.0333,0,1801.8,0,1,0,0.0333,0,1801.8,0.44197,0.020265,0.44197,0.020265
1201,12,555.17,555.23,15,2,56,0,1,0,0.0666,0,900.9,0,1,0,0.0666,0,900.9,0.3312,0.063499,0.3312,0.063499
1201,12,591.07,591.1,4,2,57,1,0,0.0333,0,1801.8,0,1,0,0.0333,0,1801.8,0,0,0,0,0
1201,12,591.3,591.33,4,2,58,1,0,0.0333,0,1801.8,0,1,0,0.0333,0,1801.8,0,0.08332,0.026646,0.08332,0.026646
1201,12,591.4,591.9,4,2,59,0.66667,0,0.33333,0,120,0,1,0,0.5,0,120,0,0.2091,0.0289,0.22324,0.029154
1201,12,592.57,592.6,4,2,60,0,0,0,0,0,0,0,0,0,0,0,0,0,0,0,0
1201,12,592.63,592.7,4,2,61,0,0,0,0,899.55,0,0,0,0,0,0,0,0.19524,0.03346,0.19524,0.03346
1201,12,592.73,592.77,4,2,62,1,0,0.0333,0,1801.8,0,0,0,0,0,0,0,0.23508,0.037802,0.23508,0.037802
1201,12,592.8,592.83,4,2,63,1,0,0.0333,0,1801.8,0,0,0,0,0,0,0,0.34328,0.034444,0.34328,0.034444
1201,12,602.97,603.1,15,2,64,0,1,0,0.1333,0,450.11,0,1,0,0.1333,0,450.11,0.22096,0.080415,0.24184,0.07326
1201,12,603.13,603.4,15,2,65,0,1,0,0.2667,0,224.97,0,1,0,0.2667,0,224.97,0.24542,0.071542,0.24105,0.070447
1201,12,604.6,604.63,15,2,66,0,1,0,0.0333,0,1801.8,0,1,0,0.0333,0,1801.8,0.16896,0.050844,0.16896,0.050844
1201,12,604.8,604.83,15,2,67,0,1,0,0.0333,0,1801.8,0,1,0,0.0333,0,1801.8,0.16429,0.067814,0.16429,0.067814
1201,12,605.93,606.43,15,2,68,1,0,0.5,0,120,0,0,1,0,0.5,0,120,0.18826,0.050949,0.19043,0.045928
1201,12,608.2,608.23,15,2,69,1,0,0.0333,0,1801.8,0,0,1,0,0.0333,0,1801.8,0.090234,0.040127,0.090234,0.040127
1201,12,608.3,608.33,15,2,70,1,0,0.0333,0,1801.8,0,0,1,0,0.0333,0,1801.8,0.11074,0.046774,0.11074,0.046774
1201,12,608.47,608.5,15,2,71,1,0,0.0333,0,1801.8,0,0,1,0,0.0333,0,1801.8,0,0,0,0
1201,12,608.53,608.6,15,2,72,1,0,0.0667,0,899.55,0,0,1,0,0.0667,0,899.55,0.099645,0.040032,0.099645,0.040032
1201,12,608.77,608.83,15,2,73,1,0,0.0666,0,900.9,0,0,0,0,0,0,0,0.11125,0.041912,0.11125,0.041912
1201,12,608.97,609.03,15,2,74,0.5,0,0.0333,0,900.9,0,0,0,0,0,0,0,0.12226,0.039246,0.12226,0.039246
1201,12,609.17,609.27,15,2,75,0,0,0,0,0,0,0,0,0,0,0,0,0.15818,0.053298,0.15818,0.053298
1202,12,45.833,49.167,20,1,1,1,0,3.3333,0,18,0,0,0,0,0,0,0,0.29132,0.049256,0.28346,0.049092
1202,12,113.8,113.83,15,1,2,0,1,0,0.0333,0,1801.8,1,0,0.0333,0,1801.8,0,0.22488,0.046625,0.22488,0.046625
1202,12,160.57,160.63,20,1,3,1,0,0.0666,0,900.9,0,1,0,0.0666,0,900.9,0,0.41374,0.035203,0.41374,0.035203
1202,12,160.67,160.7,20,1,4,1,0,0.0333,0,1801.8,0,1,0,0.0333,0,1801.8,0,0,0,0,0
1202,12,160.73,163.9,20,1,5,1,0,3.1667,0,18.947,0,1,0,3.1667,0,18.947,0,0.42711,0.049893,0.41875,0.044627
1202,12,217.13,217.23,18,1,6,1,0,0.1,0,600,0,1,0,0.1,0,600,0,0.17559,0.082591,0.17584,0.082456
1202,12,279.67,280.53,8,1,7,0.5,0.076891,0.4333,0.066633,69.236,69.236,1,0,0.8666,0,69.236,0,0.16615,0.04529,0.16189,0.04393
1202,12,418.93,420,2,1,8,0,0,0,0,0,0,1,0,1.0667,0,56.248,0,0.12014,0.048177,0.11823,0.045668
1202,12,478.47,478.9,16,1,9,1,0,0.4333,0,138.47,0,0.76921,0,0.3333,0,138.47,0,0.35621,0.029999,0.38132,0.029385
1202,12,479.8,479.83,16,1,10,0,0,0,0,0,0,0,0,0,0,0,0,0.42037,0.02812,0.42037,0.02812
1202,12,479.9,480.07,16,1,11,0,0,0,0,0,0,0,0,0,0,0,0,0.29492,0.037967,0.31108,0.029869
1202,12,516.5,517.27,8,1,12,1,0,0.7666,0,78.268,0,1,0,0.7666,0,78.268,0,0.10583,0.036606,0.1036,0.037738
1202,12,555.17,555.33,1,1,13,0,0,0,0,0,0,0.19988,0,0.0333,0,360.14,0,0.11247,0.036219,0.11294,0.035901
1202,12,556.73,556.83,15,1,14,0,0,0,0,0,0,1,0,0.1,0,600,0,0.66569,0.026319,0.70115,0.025905
1203,12,110.33,110.53,21,1,1,1,0,0.2,0,300,0,1,0,0.2,0,300,0,0.1532,0.037803,0.15345,0.038042
1203,12,110.7,111.63,21,1,2,0.4643,0,0.43333,0,64.288,0,0,0,0,0,0,0,0.21366,0.028887,0.2376,0.028191
1203,12,130.6,130.67,12,1,3,1,0,0.0666,0,900.9,0,0,1,0,0.0666,0,900.9,0.15138,0.036382,0.15138,0.036382
1203,12,154.87,158.07,21,1,4,0.67709,0.21876,1.0833,0.7,37.501,18.751,0.76041,0,1.2166,0,37.501,0,0.15819,0.02619,0.15123,0.025654
1203,12,179.2,179.97,24,1,5,1,0,0.7666,0,78.268,0,1,0,0.7666,0,78.268,0,0.075924,0.025782,0.075587,0.025811
1203,12,208.07,208.13,21,1,6,1,0,0.0666,0,900.9,0,1,0,0.0666,0,900.9,0,0.13328,0.026526,0.13328,0.026526
1203,12,209.03,211.07,21,1,7,1,0,2.0333,0,29.509,0,0,0,0,0,0,0,0.14889,0.02962,0.14756,0.029624
1203,12,223.93,224.17,11,1,8,1,0,0.2333,0,257.18,0,1,0,0.2333,0,257.18,0,0.095618,0.029569,0.098611,0.029375
1203,12,245.07,245.4,11,1,9,1,0,0.3333,0,180.02,0,1,0,0.3333,0,180.02,0,0.10757,0.025279,0.10772,0.025222
1203,12,272.8,273.27,11,1,10,1,0,0.4666,0,128.59,0,0,1,0,0.4666,0,128.59,0.11625,0.034674,0.11728,0.03459
1203,12,330.4,330.47,11,1,11,1,0,0.0666,0,900.9,0,1,0,0.0666,0,900.9,0,0.10664,0.036016,0.10664,0.036016
1203,12,354.67,355.7,15,1,12,1,0,1.0333,0,58.066,0,0.83874,0,0.86667,0,58.066,0,0.42089,0.029692,0.42408,0.029698
1203,12,355.73,355.93,15,1,13,0.3335,0,0.0667,0,300,0,1,0,0.2,0,300,0,0.27455,0.031575,0.26315,0.031717
1203,12,355.97,356.13,15,1,14,0,0,0,0,0,0,1,0,0.1666,0,360.14,0,0.17581,0.032721,0.17658,0.032705
1203,12,425.03,425.17,11,1,15,1,0,0.1333,0,450.11,0,0,0.99975,0,0.13327,0,450.11,0.13947,0.022213,0.13937,0.021881
1203,12,425.67,426.03,11,1,16,0.54546,0.090835,0.19997,0.0333,163.67,163.67,0,0,0,0,0,0,0.087862,0.0239,0.089343,0.024087
1203,12,440.57,440.73,11,1,17,1,0,0.1666,0,360.14,0,1,0,0.1666,0,360.14,0,0.08281,0.021203,0.08274,0.021229
1203,12,496.27,496.33,11,1,18,1,0,0.0666,0,900.9,0,1,0,0.0666,0,900.9,0,0.05838,0.019041,0.05838,0.019041
1203,12,496.73,499.5,11,1,19,1,0,2.7667,0,21.686,0,0.61446,0,0.85002,0,43.373,0,0.13605,0.021443,0.14319,0.021839
1203,12,509.2,509.73,21,1,20,1,0,0.5333,0,112.51,0,0,0.12495,0,0.066633,0,112.51,0.20743,0.025142,0.20693,0.024652
1203,12,582.67,582.93,3,1,21,1,0,0.2666,0,225.06,0,1,0,0.2666,0,225.06,0,0.25452,0.026176,0.25379,0.025927
1203,12,583,583.2,3,1,22,1,0,0.2,0,300,0,1,0,0.2,0,300,0,0.38428,0.022936,0.38671,0.022813
1203,12,585.33,587.7,3,1,23,1,0,2.3667,0,25.352,0,0.042267,0,0.10003,0,25.352,0,0.31894,0.023362,0.31415,0.023346
1203,12,588.13,588.8,3,1,24,1,0,0.6667,0,89.996,0,0.64997,0,0.43333,0,89.996,0,0.21873,0.025709,0.23209,0.025356
1203,12,596.23,597.7,13,1,25,1,0,1.4667,0,40.908,0,0,0.20454,0,0.15,0,81.816,0.32523,0.032971,0.32069,0.03187
1203,12,598,598.53,13,1,26,0.87505,0,0.46667,0,112.51,0,0,1,0,0.5333,0,112.51,0.2275,0.042298,0.21218,0.04251
1203,12,655.83,655.87,11,1,27,1,0,0.0333,0,1801.8,0,0,0,0,0,0,0,0.088108,0.028554,0.088108,0.028554
1204,12,52.433,52.667,15,1,1,0.14259,0,0.033267,0,257.18,0,0.14259,0,0.033267,0,257.18,0,0.13271,0.03347,0.12376,0.032496
1204,12,53.133,53.933,15,1,2,0.29171,0,0.23337,0,75,0,1,0,0.8,0,75,0,0.2166,0.039623,0.18679,0.037644
1204,12,69.967,70.133,14,1,3,1,0,0.1666,0,360.14,0,1,0,0.1666,0,360.14,0,0.1294,0.04181,0.12951,0.041999
1204,12,135.9,136,7,1,4,1,0,0.1,0,600,0,1,0,0.1,0,600,0,0.077986,0.031926,0.078021,0.032389
1204,12,203.33,203.63,16,1,5,0.77778,0,0.23333,0,200,0,0,0.22233,0,0.0667,0,200,0.069818,0,0.070179,0
1204,12,238.5,238.9,1,1,6,1,0,0.4,0,150,0,0,0,0,0,150,0,0.10207,0.031061,0.10321,0.032127
1204,12,238.97,239.73,1,1,7,0.78263,0,0.59997,0,78.268,0,0.30433,0,0.2333,0,78.268,0,0.15463,0.027073,0.15165,0.026779
1204,12,243.73,244.07,1,1,8,1,0,0.3333,0,180.02,0,0,1,0,0.3333,0,180.02,0.23308,0.087204,0.22763,0.07676
1204,12,254.23,254.37,15,1,9,0,0,0,0,0,0,0,0,0,0,0,0,0.51508,0.024943,0.53788,0.012762
1205,12,94.433,94.867,17,1,1,0.53858,0,0.23337,0,138.47,0,1,0,0.4333,0,138.47,0,0.14436,0.035479,0.16132,0.035404
1205,12,105.23,105.6,17,1,2,1,0,0.3667,0,163.62,0,1,0,0.3667,0,163.62,0,0.18988,0.034615,0.20182,0.03416
1205,12,105.7,105.73,17,1,3,1,0,0.0333,0,1801.8,0,1,0,0.0333,0,1801.8,0,0.23556,0.061849,0.23556,0.061849
1205,12,109.33,109.8,17,1,4,1,0,0.4667,0,128.56,0,1,0,0.4667,0,128.56,0,0.17608,0.029116,0.17344,0.024742
1205,12,115.3,115.47,17,1,5,0,0,0,0,0,0,1,0,0.1666,0,360.14,0,0.071595,0,0.068521,0
1205,12,115.87,115.93,17,1,6,0,0,0,0,0,0,1,0,0.0666,0,900.9,0,0.085547,0.012083,0.085547,0.012083
1205,12,125.93,126.47,17,1,7,1,0,0.5333,0,112.51,0,0.87512,0,0.4667,0,112.51,0,0.12113,0.029812,0.12082,0.029263
1205,12,127.17,128.77,17,1,8,0.97921,0,1.5666,0,37.502,0,0,0.89585,0,0.47776,0,112.51,0.11796,0.031454,0.11574,0.031195
1205,12,128.8,128.93,17,1,9,0,0,0,0,0,0,0,1,0,0.1333,0,450.11,0.12021,0.037515,0.12026,0.037184
1205,12,235.63,235.77,22,1,10,0.75044,0,0.10003,0,450.11,0,0.00025006,0.74969,3.3333e-05,0.099933,450.11,450.11,0.094959,0.02182,0.099316,0.021794
1205,12,236.77,237.17,17,1,11,0,0,0,0,0,0,0.50004,0.33325,0.19997,0.13327,150.04,150.04,0.18639,0.052936,0.18662,0.050134
1205,12,262.57,263.2,1,1,12,0,1,0,0.6333,0,94.742,0,0.42102,0,0.26663,0,94.742,0.20827,0.060069,0.20527,0.062799
1205,12,263.7,263.93,1,1,13,0.57137,0.28576,0.1333,0.066667,257.18,257.18,0,0,0,0,0,0,0.18951,0.065249,0.18567,0.068171
1205,12,268.33,268.6,1,1,14,0,1,0,0.2667,0,224.97,0.49994,0,0.13333,0,224.97,0,0.1528,0.048077,0.15882,0.049993
1205,12,268.8,268.83,1,1,15,0,1,0,0.0333,0,1801.8,1,0,0.0333,0,1801.8,0,0.169,0.088625,0.169,0.088625
1205,12,272.23,272.83,15,1,16,0.11117,0,0.0667,0,100,0,1,0,0.6,0,100,0,0.22016,0.040423,0.22952,0.04148
1205,12,273.6,274.3,15,1,17,0,1,0,0.7,0,85.714,0.38095,0,0.26667,0,85.714,0,0.29989,0.056591,0.30641,0.055666
1205,12,354.2,354.8,21,1,18,1,0,0.6,0,100,0,0.5,0,0.3,0,100,0,0.15873,0.02783,0.1625,0.027421
1205,12,374.4,376.03,21,1,19,0.81632,0,1.3333,0,36.735,0,0.57142,0,0.9333,0,36.735,0,0.23443,0.019487,0.2116,0.019654
1205,12,377.73,379.33,21,1,20,1,0,1.6,0,37.5,0,0.1875,0.16665,0.3,0.26663,37.5,37.5,0.24766,0.035913,0.24565,0.033087
1206,12,48.733,49.3,17,1,1,1,0,0.5667,0,105.88,0,1,0,0.5667,0,105.88,0,0.10177,0.030426,0.1009,0.030155
1206,12,49.467,49.9,17,1,2,1,0,0.4333,0,138.47,0,1,0,0.4333,0,138.47,0,0.097816,0.025732,0.10082,0.025758
1206,12,52.833,53.033,17,1,3,1,0,0.2,0,300,0,0,0,0,0,0,0,0.086994,0.022828,0.091146,0.022633
1206,12,59.7,60.6,17,1,4,1,0,0.9,0,66.667,0,1,0,0.9,0,66.667,0,0.08477,0.027358,0.08125,0.026995
1206,12,61.2,61.4,17,1,5,1,0,0.2,0,300,0,1,0,0.2,0,300,0,0.064991,0.028052,0.065093,0.027782
1206,12,70.467,72.267,17,1,6,0.62965,0.20368,1.1333,0.3666,33.335,33.335,1,0,1.7999,0,33.335,0,0.17391,0.036064,0.16214,0.036075
1206,12,72.967,73,17,1,7,0,1,0,0.0333,0,1801.8,1,0,0.0333,0,1801.8,0,0,0,0,0
1206,12,119.63,121.33,17,1,8,0.76473,0,1.3,0,35.294,0,1,0,1.7,0,35.294,0,0.17445,0.029979,0.17856,0.030505
1206,12,137.27,137.63,12,1,9,1,0,0.3666,0,163.67,0,1,0,0.3666,0,163.67,0,0.1334,0.036834,0.13243,0.03725
1206,12,138.07,138.3,12,1,10,1,0,0.2333,0,257.18,0,0,0.85712,0,0.19997,0,257.18,0.10538,0.033722,0.10786,0.033822
1206,12,139.23,139.5,12,1,11,1,0,0.2667,0,224.97,0,0.75003,0,0.20003,0,224.97,0,0.13084,0.032623,0.13417,0.03271
1206,12,139.63,139.93,12,1,12,1,0,0.3,0,200,0,0,0,0,0,0,0,0.14434,0.0358,0.1601,0.036645
1206,12,163.97,164.1,10,1,13,1,0,0.1333,0,450.11,0,1,0,0.1333,0,450.11,0,0.15253,0.041172,0.14466,0.041386
1206,12,164.3,165.83,10,1,14,1,0,1.5333,0,39.131,0,1,0,1.5333,0,39.131,0,0.18922,0.038861,0.1877,0.03578
1206,12,167,167.43,10,1,15,1,0,0.4333,0,138.47,0,1,0,0.4333,0,138.47,0,0.11661,0.025842,0.1131,0.025164
1206,12,168,169.37,10,1,16,1,0,1.3666,0,43.905,0,1,0,1.3666,0,43.905,0,0.1168,0.02718,0.11602,0.027083
1206,12,169.7,170.37,10,1,17,1,0,0.6666,0,90.009,0,1,0,0.6666,0,90.009,0,0.093537,0.03868,0.097617,0.038829
1206,12,179.1,179.13,13,1,18,1,0,0.0333,0,1801.8,0,0,1,0,0.0333,0,1801.8,0.059062,0.02812,0.059062,0.02812
1206,12,179.73,179.97,13,1,19,1,0,0.2333,0,257.18,0,1,0,0.2333,0,257.18,0,0.078867,0.030955,0.080729,0.030825
1206,12,180.63,180.77,13,1,20,1,0,0.1333,0,450.11,0,1,0,0.1333,0,450.11,0,0.10258,0.038161,0.10292,0.038696
1206,12,182.5,182.9,13,1,21,1,0,0.4,0,150,0,1,0,0.4,0,150,0,0.15222,0.041431,0.15217,0.04001
1206,12,182.93,183.23,13,1,22,1,0,0.3,0,200,0,1,0,0.3,0,200,0,0.14523,0.046071,0.14406,0.045326
1206,12,203.53,203.57,8,1,23,1,0,0.0333,0,1801.8,0,1,0,0.0333,0,1801.8,0,0.087578,0.035205,0.087578,0.035205
1206,12,203.63,204.07,8,1,24,1,0,0.4333,0,138.47,0,1,0,0.4333,0,138.47,0,0.12197,0.033717,0.12366,0.033767
1206,12,204.3,204.5,8,1,25,1,0,0.2,0,300,0,1,0,0.2,0,300,0,0.096217,0.036215,0.092939,0.036172
1206,12,206.37,206.57,8,1,26,1,0,0.1999,0,300.15,0,0,0.66683,0,0.1333,0,300.15,0.15697,0.035582,0.16464,0.035714
1206,12,216.43,216.8,21,1,27,1,0,0.3667,0,163.62,0,1,0,0.3667,0,163.62,0,0.23099,0.051559,0.22959,0.045149
1206,12,217.03,218.23,21,1,28,1,0,1.2,0,50,0,1,0,1.2,0,50,0,0.15903,0.039538,0.15238,0.040516
1206,12,218.77,219.47,21,1,29,1,0,0.6999,0,85.727,0,1,0,0.6999,0,85.727,0,0.21122,0.029552,0.19427,0.033025
1206,12,256.6,257.33,22,1,30,1,0,0.7333,0,81.822,0,1,0,0.7333,0,81.822,0,0.10755,0.03604,0.10429,0.035911
1206,12,257.93,258.83,22,1,31,1,0,0.9,0,66.667,0,0,0.59256,0,0.5333,0,66.667,0.10024,0.028844,0.095723,0.028859
1206,12,272.17,272.57,10,1,32,1,0,0.3999,0,150.04,0,1,0,0.3999,0,150.04,0,0.12701,0.040655,0.115,0.040499
1206,12,279.5,280.27,17,1,33,1,0,0.7666,0,78.268,0,1,0,0.7666,0,78.268,0,0.14941,0.043474,0.14513,0.041074
1206,12,280.4,280.67,17,1,34,1,0,0.2666,0,225.06,0,1,0,0.2666,0,225.06,0,0.089998,0.038912,0.091481,0.038441
1206,12,281.07,281.67,17,1,35,1,0,0.5999,0,100.02,0,1,0,0.5999,0,100.02,0,0.19511,0.041809,0.2029,0.040195
1206,12,282.2,282.73,17,1,36,1,0,0.5333,0,112.51,0,1,0,0.5333,0,112.51,0,0.2931,0.043945,0.28401,0.044245
1206,12,284.57,284.63,17,1,37,1,0,0.0666,0,900.9,0,1,0,0.0666,0,900.9,0,0.28232,0.042581,0.28232,0.042581
1206,12,286.5,286.6,17,1,38,1,0,0.1,0,600,0,1,0,0.1,0,600,0,0.10842,0.038154,0.11689,0.037979
1206,12,287.1,287.13,17,1,39,1,0,0.0333,0,1801.8,0,1,0,0.0333,0,1801.8,0,0.13537,0.026322,0.13537,0.026322
1206,12,287.47,287.73,17,1,40,0,0,0,0,0,0,1,0,0.2666,0,225.06,0,0.2022,0.032985,0.1999,0.033209
1206,12,288.57,288.7,17,1,41,1,0,0.1333,0,450.11,0,1,0,0.1333,0,450.11,0,0.10468,0.039588,0.1037,0.039062
1206,12,288.8,289.1,17,1,42,1,0,0.3,0,200,0,1,0,0.3,0,200,0,0.1177,0.038264,0.11627,0.038014
1206,12,291.47,291.9,17,1,43,1,0,0.4333,0,138.47,0,1,0,0.4333,0,138.47,0,0.135,0.050941,0.13543,0.051465
1206,12,292.03,293.93,17,1,44,1,0,1.9,0,31.579,0,1,0,1.9,0,31.579,0,0.17311,0.044391,0.1851,0.042049
1206,12,294.33,294.43,17,1,45,1,0,0.1,0,600,0,1,0,0.1,0,600,0,0.14938,0.044504,0.15047,0.04454
1206,12,296.7,297,17,1,46,1,0,0.3,0,200,0,1,0,0.3,0,200,0,0.076931,0.026127,0.08112,0.026763
1206,12,297.73,298.23,17,1,47,1,0,0.5,0,120,0,1,0,0.5,0,120,0,0.085672,0.027821,0.084792,0.027919
1206,12,298.37,299.5,17,1,48,1,0,1.1333,0,52.943,0,1,0,1.1333,0,52.943,0,0.11342,0.031529,0.1147,0.030836
1206,12,299.73,300.9,17,1,49,1,0,1.1667,0,51.427,0,1,0,1.1667,0,51.427,0,0.17991,0.027888,0.15662,0.028717
1207,12,41.833,42,12,1,1,1,0,0.1667,0,359.93,0,0,0,0,0,0,0,0.18178,0.054198,0.17942,0.054012
1207,12,42.567,42.6,12,1,2,1,0,0.0333,0,1801.8,0,0,0,0,0,0,0,0,0,0,0
1207,12,68.767,68.933,21,1,3,1,0,0.1666,0,360.14,0,0,0,0,0,0,0,0.13274,0.043755,0.13203,0.04382
1207,12,69.1,69.333,21,1,4,1,0,0.2333,0,257.18,0,0,0,0,0,0,0,0.19528,0.044443,0.18949,0.043876
1207,12,129.87,129.93,19,1,5,1,0,0.0666,0,900.9,0,0,0,0,0,0,0,0.11472,0.048164,0.11472,0.048164
1207,12,179.47,179.5,14,1,6,1,0,0.0333,0,1801.8,0,0,0,0,0,0,0,0,0,0,0
1207,12,297.23,297.6,17,1,7,1,0,0.3667,0,163.62,0,0,0,0,0,0,0,0.20275,0.059855,0.20358,0.059428
1207,12,317,317.2,17,1,8,1,0,0.2,0,300,0,0,0,0,0,0,0,0.15879,0.054149,0.15536,0.052868
1207,12,317.23,317.27,17,1,9,1,0,0.0333,0,1801.8,0,0,0,0,0,0,0,0.11895,0.053558,0.11895,0.053558
1207,12,490.33,490.77,22,1,10,1,0,0.4333,0,138.47,0,0,0,0,0,0,0,0.17109,0.053355,0.17537,0.054825
1207,12,529.17,530.07,4,1,11,1,0,0.8999,0,66.674,0,0,0,0,0,0,0,0.43266,0.039007,0.41995,0.039377
1207,12,530.1,531.07,4,1,12,1,0,0.9666,0,62.073,0,0,0,0,0,0,0,0.35897,0.036637,0.35406,0.035593
1207,12,531.1,532.13,4,1,13,1,0,1.0333,0,58.066,0,0,0,0,0,0,0,0.49092,0.032904,0.48556,0.033136
1208,12,47.3,47.733,21,1,1,0.92307,0,0.39997,0,138.47,0,0.38457,0,0.16663,0,138.47,0,0.2283,0.032061,0.24865,0.032075
1208,12,60.133,61.133,21,1,2,1,0,1,0,60,0,1,0,1,0,60,0,0.19898,0.030062,0.21053,0.028146
1208,12,61.8,62.567,21,1,3,1,0,0.7666,0,78.268,0,0,0,0,0,78.268,0,0.36569,0.036132,0.37703,0.035514
1208,12,62.6,64.533,21,1,4,1,0,1.9333,0,31.035,0,0.10343,0,0.19997,0,31.035,0,0.3507,0.028811,0.35042,0.028365
1208,12,64.867,71.267,21,1,5,0.64063,0,2.05,0,18.75,0,0.26563,0,0.56667,0,28.125,0,0.24121,0.028421,0.22978,0.028098
1208,12,71.4,73.9,21,1,6,0.54667,0,0.68333,0,48,0,0.36,0,0.45,0,48,0,0.17701,0.022754,0.18053,0.022939
1208,12,105.1,105.5,24,1,7,1,0,0.4,0,150,0,0,0.25,0,0.1,0,150,0.082893,0.033572,0.083335,0.033181
1208,12,241.97,242,20,1,8,1,0,0.0333,0,1801.8,0,1,0,0.0333,0,1801.8,0,0,0,0,0
1208,12,265.5,265.8,5,1,9,1,0,0.3,0,200,0,0,0,0,0,0,0,0.11607,0.027363,0.10832,0.027736
1208,12,266.03,266.8,5,1,10,1,0,0.7667,0,78.257,0,0.34785,0.13043,0.2667,0.1,78.257,78.257,0.14104,0.029047,0.13802,0.029106
1208,12,289.73,289.77,9,1,11,1,0,0.0333,0,1801.8,0,1,0,0.0333,0,1801.8,0,0.11249,0.053895,0.11249,0.053895
1208,12,290.13,290.17,9,1,12,0,0,0,0,0,0,1,0,0.0333,0,1801.8,0,0.12955,0.05124,0.12955,0.05124
1208,12,290.2,290.23,9,1,13,0,0,0,0,0,0,1,0,0.0333,0,1801.8,0,0.13021,0.049938,0.13021,0.049938
1208,12,290.33,290.7,9,1,14,0,0.63631,0,0.23333,0,163.62,1,0,0.3667,0,163.62,0,0.16517,0.06265,0.16952,0.059937
1208,12,292.3,292.5,9,1,15,0.5,0,0.1,0,300,0,0,0.16667,0,0.033333,0,300,0.15225,0.063218,0.1543,0.063046
1208,12,297.67,297.8,11,1,16,1,0,0.1333,0,450.11,0,0.24981,0,0.0333,0,450.11,0,0.08144,0.031426,0.080322,0.031407
1208,12,298.23,298.37,11,1,17,1,0,0.1333,0,450.11,0,0,1,0,0.1333,0,450.11,0.10203,0.033789,0.10454,0.033429
1208,12,305.07,305.7,18,1,18,1,0,0.6333,0,94.742,0,0,0.78952,0,0.25,0,189.48,0.16414,0.029097,0.17221,0.028857
1208,12,305.73,305.87,18,1,19,1,0,0.1333,0,450.11,0,0,1,0,0.1333,0,450.11,0.1101,0.034688,0.11051,0.035198
1208,12,323.9,326.03,20,1,20,1,0,2.1333,0,28.125,0,1,0,2.1333,0,28.125,0,0.17137,0.058377,0.16587,0.058469
1208,12,341.13,341.3,19,1,21,1,0,0.1667,0,359.93,0,0,0,0,0,0,0,0.052865,0.0084655,0.053125,0.0085775
1208,12,393.8,394.27,10,1,22,1,0,0.4666,0,128.59,0,0.14288,0.71424,0.066667,0.33327,128.59,128.59,0.23676,0.03664,0.2372,0.036339
1208,12,412.53,413.27,18,1,23,0.72721,0,0.53327,0,81.822,0,0.45461,0.22719,0.33337,0.1666,81.822,81.822,0.22743,0.052828,0.22965,0.054856
1208,12,436.33,437.6,11,1,24,1,0,1.2667,0,47.367,0,0,0,0,0,0,0,0.082881,0.026647,0.081302,0.027024
1208,12,447.63,447.73,17,1,25,1,0,0.1,0,600,0,0,0.00033333,0,3.3333e-05,0,600,0.076188,0.027825,0.076846,0.028365
1208,12,448.07,448.43,17,1,26,1,0,0.3666,0,163.67,0,0,0,0,0,0,0,0.21713,0.036557,0.23446,0.037396
1208,12,454.73,454.77,10,1,27,1,0,0.0333,0,1801.8,0,1,0,0.0333,0,1801.8,0,0.20815,0.053619,0.20815,0.053619
1208,12,457.03,457.4,10,1,28,1,0,0.3667,0,163.62,0,0,0,0,0,163.62,0,0.25811,0.047723,0.25759,0.046431
1208,12,460.9,462.53,10,1,29,1,0,1.6333,0,36.735,0,0.67348,0,1.1,0,36.735,0,0.26714,0.043947,0.27362,0.044108
1208,12,484.53,484.67,16,1,30,1,0,0.1333,0,450.11,0,1,0,0.1333,0,450.11,0,0.067955,0.019783,0.068229,0.018785
1208,12,484.93,485,16,1,31,1,0,0.0667,0,899.55,0,0.00049975,0,3.3333e-05,0,899.55,0,0.056916,0.014505,0.056916,0.014505
1209,12,82.033,82.067,20,1,1,1,0,0.0333,0,1801.8,0,1,0,0.0333,0,1801.8,0,0.17646,0.046772,0.17646,0.046772
1209,12,83.3,83.333,20,1,2,1,0,0.0333,0,1801.8,0,1,0,0.0333,0,1801.8,0,0.19966,0.040477,0.19966,0.040477
1209,12,83.733,83.767,20,1,3,1,0,0.0333,0,1801.8,0,1,0,0.0333,0,1801.8,0,0.13672,0.043658,0.13672,0.043658
1209,12,93.967,94.167,20,1,4,1,0,0.1999,0,300.15,0,1,0,0.1999,0,300.15,0,0.25631,0.040853,0.25664,0.040875
1209,12,94.967,97.067,20,1,5,0.98416,0,2.0666,0,28.573,0,1,0,2.0999,0,28.573,0,0.24368,0.036501,0.24523,0.03639
1209,12,118.4,118.6,15,1,6,1,0,0.2,0,300,0,0.5,0,0.1,0,300,0,0.22747,0.052082,0.22022,0.047346
1209,12,118.63,118.67,15,1,7,1,0,0.0333,0,1801.8,0,0,0,0,0,0,0,0.27955,0.064482,0.27955,0.064482
1209,12,119.87,121.47,23,1,8,1,0,1.5999,0,37.502,0,1,0,1.5999,0,37.502,0,0.39835,0.090362,0.38215,0.090896
1209,12,122.23,122.47,23,1,9,1,0,0.2333,0,257.18,0,1,0,0.2333,0,257.18,0,0.33978,0.10788,0.34022,0.10829
1209,12,140.7,141.07,6,1,10,0.27278,0,0.1,0,163.67,0,0,1,0,0.3666,0,163.67,0.17055,0.0079596,0.16625,0.0087891
1209,12,141.57,142.3,6,1,11,0.72731,0,0.53333,0,81.822,0,0,0,0,0,0,0,0.17125,0.04989,0.16766,0.047082
1209,12,142.33,142.37,6,1,12,1,0,0.0333,0,1801.8,0,0,0,0,0,0,0,0.11979,0.062643,0.11979,0.062643
1209,12,142.83,142.87,6,1,13,0,0,0,0,0,0,0,0,0,0,0,0,0.16697,0.063856,0.16697,0.063856
1209,12,171.33,172.8,18,1,14,1,0,1.4667,0,40.908,0,0.81819,0,1.2,0,40.908,0,0.21202,0.044931,0.21634,0.042722
1209,12,180.1,180.13,14,1,15,1,0,0.0333,0,1801.8,0,1,0,0.0333,0,1801.8,0,0.10372,0.060919,0.10372,0.060919
1209,12,192.07,192.27,14,1,16,1,0,0.1999,0,300.15,0,1,0,0.1999,0,300.15,0,0.23264,0.046701,0.23461,0.046117
1209,12,208.17,209.47,14,1,17,0,0.69231,0,0.89993,0,46.157,1,0,1.2999,0,46.157,0,0.21104,0.041072,0.21086,0.040705
1209,12,209.67,209.7,14,1,18,0,1,0,0.0333,0,1801.8,1,0,0.0333,0,1801.8,0,0,0,0,0
1209,12,210.53,210.57,14,1,19,0,1,0,0.0333,0,1801.8,0,0,0,0,0,0,0.10715,0.043067,0.10715,0.043067
1209,12,214.13,214.47,14,1,20,1,0,0.3333,0,180.02,0,1,0,0.3333,0,180.02,0,0.23267,0.058693,0.23941,0.057105
1209,12,214.6,214.7,14,1,21,1,0,0.1,0,600,0,1,0,0.1,0,600,0,0.15215,0.065977,0.1549,0.065328
1209,12,228.4,228.63,14,1,22,0,1,0,0.2333,0,257.18,0.71439,0,0.16667,0,257.18,0,0.12041,0.034188,0.12036,0.034292
1209,12,228.67,229.23,14,1,23,0.52942,0.41175,0.29997,0.2333,105.89,105.89,0,0,0,0,0,0,0.16738,0.037931,0.17002,0.037782
1209,12,229.37,229.5,14,1,24,1,0,0.1333,0,450.11,0,0,0,0,0,0,0,0.18055,0.040218,0.18154,0.04077
1209,12,229.97,230.4,14,1,25,1,0,0.4333,0,138.47,0,1,0,0.4333,0,138.47,0,0.15812,0.043212,0.15674,0.043187
1209,12,230.8,231.03,14,1,26,1,0,0.2333,0,257.18,0,1,0,0.2333,0,257.18,0,0.18166,0.050367,0.18687,0.049306
1209,12,231.83,232.13,14,1,27,1,0,0.3,0,200,0,1,0,0.3,0,200,0,0.13223,0.035234,0.12967,0.034288
1209,12,232.73,233.17,14,1,28,1,0,0.4333,0,138.47,0,1,0,0.4333,0,138.47,0,0.16534,0.039698,0.16309,0.039614
1209,12,234.33,234.53,14,1,29,0,1,0,0.2,0,300,1,0,0.2,0,300,0,0.16532,0.045351,0.1656,0.045259
1209,12,235.07,235.13,14,1,30,1,0,0.0666,0,900.9,0,0,0,0,0,0,0,0.17473,0.039468,0.17473,0.039468
1209,12,238.57,238.77,14,1,31,0,1,0,0.1999,0,300.15,1,0,0.1999,0,300.15,0,0.18827,0.045271,0.18477,0.045013
1209,12,240.03,240.87,14,1,32,0,0.63995,0,0.53327,0,72.003,0,0.44002,0,0.36667,0,72.003,0.23681,0.05029,0.21656,0.04531
1209,12,242.2,242.3,14,1,33,0,1,0,0.1,0,600,0.66667,0,0.066667,0,600,0,0.12622,0.051434,0.1237,0.051888
1209,12,243.53,243.97,14,1,34,0,1,0,0.4333,0,138.47,0.61551,0,0.2667,0,138.47,0,0.20243,0.049988,0.21087,0.049438
1209,12,245.9,246.2,14,1,35,0,0.88889,0,0.26667,200,200,1,0,0.3,0,200,0,0.17791,0.052131,0.17485,0.052035
1209,12,246.23,246.57,14,1,36,1,0,0.3333,0,180.02,0,1,0,0.3333,0,180.02,0,0.21892,0.052294,0.21917,0.054521
1209,12,254.9,254.93,14,1,37,0,1,0,0.0333,0,1801.8,1,0,0.0333,0,1801.8,0,0.20664,0.061924,0.20664,0.061924
1209,12,254.97,255.1,14,1,38,0,1,0,0.1333,0,450.11,1,0,0.1333,0,450.11,0,0.19245,0.061267,0.19219,0.060777
1209,12,255.17,255.2,14,1,39,0,1,0,0.0333,0,1801.8,1,0,0.0333,0,1801.8,0,0,0,0,0
1209,12,255.73,255.77,14,1,40,0,1,0,0.0333,0,1801.8,1,0,0.0333,0,1801.8,0,0.24972,0.064693,0.24972,0.064693
1209,12,259.6,259.63,14,1,41,1,0,0.0333,0,1801.8,0,1,0,0.0333,0,1801.8,0,0.2081,0.068952,0.2081,0.068952
1209,12,265.27,265.37,14,1,42,1,0,0.0999,0,600.6,0,1,0,0.0999,0,600.6,0,0.21415,0.057112,0.21415,0.057112
1209,12,265.4,265.43,14,1,43,1,0,0.0333,0,1801.8,0,1,0,0.0333,0,1801.8,0,0.15265,0.055719,0.15265,0.055719
1209,12,268,268.03,14,1,44,0,1,0,0.0333,0,1801.8,1,0,0.0333,0,1801.8,0,0.12729,0.05984,0.12729,0.05984
1209,12,268.77,268.9,14,1,45,1,0,0.1333,0,450.11,0,1,0,0.1333,0,450.11,0,0.12345,0.0525,0.12225,0.052584
1209,12,269.2,269.23,14,1,46,1,0,0.0333,0,1801.8,0,1,0,0.0333,0,1801.8,0,0.21785,0.038922,0.21785,0.038922
1210,12,69.2,69.767,2,1,1,0,1,0,0.5666,0,105.89,1,0,0.5666,0,105.89,0,0.18211,0.038244,0.17017,0.038348
1210,12,133.7,134.3,15,1,2,1,0,0.6,0,100,0,1,0,0.6,0,100,0,0.15791,0.016579,0.14799,0.016501
1210,12,172.4,172.67,17,1,3,1,0,0.2666,0,225.06,0,0.75019,0,0.2,0,225.06,0,0.12892,0.02242,0.12371,0.022343
1210,12,181,181.33,17,1,4,0.69997,0,0.2333,0,180.02,0,1,0,0.3333,0,180.02,0,0.17724,0.035274,0.17292,0.034897
1210,12,748.07,748.17,5,2,5,1,0,0.0999,0,600.6,0,1,0,0.0999,0,600.6,0,0.14438,0.038379,0.14438,0.038379
1210,12,755.73,755.77,5,2,6,0,0,0,0,0,0,0,0,0,0,0,0,0.095068,0.015275,0.095068,0.015275
1210,12,798.37,799.2,5,2,7,0,0,0,0,0,0,0.55998,0,0.46663,0,72.003,0,0.087834,0.019999,0.087591,0.018102
1210,12,867.1,867.73,21,2,8,1,0,0.6333,0,94.742,0,1,0,0.6333,0,94.742,0,0.29839,0.024902,0.31199,0.025138
1210,12,890.87,891,14,2,9,1,0,0.1333,0,450.11,0,0,0.50013,0,0.066667,0,450.11,0.13494,0.04054,0.13547,0.040634
1210,12,892.97,893.07,14,2,10,0,1,0,0.0999,0,600.6,1,0,0.0999,0,600.6,0,0.17918,0.045105,0.17918,0.045105
1210,12,894.2,894.27,14,2,11,1,0,0.0666,0,900.9,0,1,0,0.0666,0,900.9,0,0.17498,0.046671,0.17498,0.046671
1210,12,899.7,901,14,2,12,1,0,1.3,0,46.154,0,1,0,1.3,0,46.154,0,0.23406,0.046727,0.22915,0.047422
1210,12,901.33,901.63,14,2,13,1,0,0.3,0,200,0,1,0,0.3,0,200,0,0.2298,0.048703,0.22978,0.048663
1210,12,901.7,902,14,2,14,1,0,0.3,0,200,0,1,0,0.3,0,200,0,0.2181,0.047354,0.21403,0.047354
1211,12,40.467,40.6,16,1,1,0,1,0,0.1333,0,450.11,0.24981,0,0.0333,0,450.11,0,0.096351,0.032442,0.095186,0.032444
1211,12,67.967,68.967,23,1,2,1,0,0.9999,0,60.006,0,0.56662,0,0.28328,0,120.01,0,0.43855,0.021716,0.4195,0.022909
1211,12,76.167,77.8,23,1,3,1,0,1.6333,0,36.735,0,1,0,1.6333,0,36.735,0,0.31363,0.031932,0.32236,0.036207
1211,12,78.067,79.267,23,1,4,0.49999,0,0.59993,0,50.004,0,0.49996,0,0.29995,0,100.01,0,0.37254,0.039912,0.39689,0.041621
1211,12,80.1,80.533,23,1,5,0,0.38457,0,0.16663,0,138.47,0,0,0,0,0,0,0.31392,0.038214,0.34833,0.039221
1211,12,81.767,81.933,23,1,6,0,1,0,0.1666,0,360.14,1,0,0.1666,0,360.14,0,0.33154,0.040521,0.33281,0.040575
1211,12,84.5,89.133,23,1,7,1,0,4.6333,0,12.95,0,1,0,4.6333,0,12.95,0,0.29283,0.0037645,0.29673,0.0011637
1211,12,149.1,149.3,15,1,8,0.66667,0,0.13333,0,300,0,1,0,0.2,0,300,0,0.11516,0.039111,0.11373,0.03895
1211,12,149.67,149.87,15,1,9,0,0,0,0,0,0,1,0,0.1999,0,300.15,0,0.11841,0.040239,0.11602,0.040481
1211,12,149.9,150.17,15,1,10,0,0,0,0,0,0,1,0,0.2666,0,225.06,0,0.094714,0.030633,0.097054,0.028739
1211,12,167.43,167.57,15,1,11,0,0,0,0,0,0,1,0,0.1333,0,450.11,0,0.35276,0.15952,0.35486,0.15939
1211,12,167.97,168.33,15,1,12,0.90917,0,0.3333,0,163.67,0,1,0,0.3666,0,163.67,0,0.28041,0.10941,0.28122,0.11941
1211,12,168.87,169,15,1,13,1,0,0.1333,0,450.11,0,1,0,0.1333,0,450.11,0,0.19346,0.081886,0.19316,0.082126
1211,12,172.43,172.83,15,1,14,1,0,0.4,0,150,0,1,0,0.4,0,150,0,0.15287,0.024832,0.15561,0.020039
1211,12,201.27,202.47,9,1,15,0.86116,0.083285,1.0333,0.099933,50.004,50.004,0.61108,0.25002,0.36662,0.3,100.01,50.004,0.11625,0.030272,0.11278,0.028525
1211,12,215.83,215.9,9,1,16,0,0,0,0,0,0,1,0,0.0667,0,899.55,0,0.24255,0.057576,0.24255,0.057576
1211,12,220.1,220.3,9,1,17,1,0,0.2,0,300,0,0.33333,0,0.066667,0,300,0,0.085984,0.032695,0.08748,0.032939
1211,12,249.47,251.33,1,1,18,1,0,1.8666,0,32.144,0,1,0,1.8666,0,32.144,0,0.15885,0.01593,0.16113,0.016554
1211,12,327.87,328.57,14,1,19,1,0,0.6999,0,85.727,0,0,0,0,0,0,0,0.14622,0.039966,0.14689,0.03974
1211,12,361.1,361.5,22,1,20,1,0,0.4,0,150,0,0,0,0,0,0,0,0.071002,0.020187,0.071305,0.02049
1211,12,364.67,364.87,22,1,21,1,0,0.1999,0,300.15,0,1,0,0.1999,0,300.15,0,0.058007,0.021528,0.057656,0.020862
1211,12,365.07,365.23,22,1,22,1,0,0.1666,0,360.14,0,1,0,0.1666,0,360.14,0,0.080062,0.028495,0.081689,0.028696
1212,12,33.733,33.967,21,1,1,0,1,0,0.2333,0,257.18,1,0,0.2333,0,257.18,0,0.093812,0.034707,0.094238,0.034356
1212,12,39.5,39.867,21,1,2,1,0,0.3666,0,163.67,0,1,0,0.3666,0,163.67,0,0.1299,0.02875,0.12668,0.029136
1212,12,49.9,50.467,13,1,3,1,0,0.5666,0,105.89,0,0.94129,0,0.53333,0,105.89,0,0.13727,0.043149,0.13406,0.043612
1212,12,111.73,111.9,24,1,4,1,0,0.1667,0,359.93,0,1,0,0.1667,0,359.93,0,0.11883,0.03308,0.11826,0.032824
1212,12,112.47,113.53,24,1,5,1,0,1.0666,0,56.254,0,0.62501,0.21873,0.66663,0.2333,56.254,56.254,0.13769,0.035383,0.13863,0.035477
1212,12,146.03,146.4,5,1,6,1,0,0.3667,0,163.62,0,0,0,0,0,0,0,0.10491,0.029696,0.105,0.032208
1212,12,146.7,146.77,5,1,7,0,1,0,0.0666,0,900.9,0,1,0,0.0666,0,900.9,0.10372,0.032538,0.10372,0.032538
1212,12,174,174.37,15,1,8,0.63648,0,0.23333,0,163.67,0,0.090744,0,0.033267,0,163.67,0,0.19521,0.045844,0.20662,0.045958
1212,12,196,197.13,10,1,9,0.49999,0.2353,0.56663,0.26667,52.943,52.943,0.4706,0,0.53333,0,52.943,0,0.15829,0.037889,0.16741,0.03768
1212,12,201.03,201.5,10,1,10,0.50004,0.35712,0.23337,0.16667,128.56,128.56,0,1,0,0.4667,0,128.56,0.25713,0.048845,0.26636,0.047772
1212,12,216.97,217.1,15,1,11,1,0,0.1333,0,450.11,0,1,0,0.1333,0,450.11,0,0.26218,0.049231,0.26305,0.048898
1212,12,226.3,226.63,17,1,12,1,0,0.3333,0,180.02,0,0.90009,0,0.3,0,180.02,0,0.088414,0.035818,0.088252,0.035972
1212,12,226.77,226.87,17,1,13,1,0,0.0999,0,600.6,0,0,0,0,0,0,0,0.1105,0.035817,0.1105,0.035817
1212,12,234.37,234.47,17,1,14,1,0,0.0999,0,600.6,0,1,0,0.0999,0,600.6,0,0.098031,0.03074,0.098031,0.03074
1212,12,234.6,235.2,17,1,15,1,0,0.6,0,100,0,1,0,0.6,0,100,0,0.11042,0.034841,0.10739,0.035008
1212,12,239.9,240.67,17,1,16,1,0,0.7666,0,78.268,0,1,0,0.7666,0,78.268,0,0.1265,0.028656,0.12803,0.029731
1212,12,242.8,245.6,17,1,17,1,0,2.8,0,21.429,0,1,0,2.8,0,21.429,0,0.22436,0.036928,0.22548,0.032687
1212,12,245.67,246.37,17,1,18,1,0,0.6999,0,85.727,0,1,0,0.6999,0,85.727,0,0.16912,0.049951,0.17019,0.050472
1212,12,246.53,246.93,17,1,19,1,0,0.4,0,150,0,1,0,0.4,0,150,0,0.17851,0.05415,0.18085,0.055152
1212,12,259.17,259.27,17,1,20,1,0,0.0999,0,600.6,0,0,0,0,0,0,0,0.12439,0.043899,0.12439,0.043899
1212,12,262.7,263.37,8,1,21,1,0,0.6666,0,90.009,0,0,0,0,0,0,0,0.086873,0.019122,0.089159,0.019042
1212,12,296.37,297,16,1,22,0.63161,0,0.4,0,94.742,0,0,0,0,0,0,0,0.24482,0.025463,0.2436,0.0258
1212,12,333.63,336.93,6,1,23,1,0,3.3,0,18.182,0,1,0,3.3,0,18.182,0,0.20452,0.042835,0.19691,0.040352
1212,12,337.47,338,6,1,24,1,0,0.5333,0,112.51,0,1,0,0.5333,0,112.51,0,0.20681,0.052319,0.20736,0.052177
1212,12,352.43,353.13,15,1,25,1,0,0.7,0,85.714,0,1,0,0.7,0,85.714,0,0.20947,0.034747,0.21897,0.035037
1212,12,354.33,355.83,15,1,26,1,0,1.5,0,40,0,1,0,1.5,0,40,0,0.26379,0.059578,0.26449,0.059276
1212,12,357.8,361.47,15,1,27,0.94545,0,3.4666,0,16.364,0,0.63636,0,1.1666,0,32.728,0,0.36554,0.03136,0.33548,0.025369
1212,12,390.57,390.87,12,1,28,1,0,0.2999,0,200.07,0,1,0,0.2999,0,200.07,0,0.093223,0.018548,0.089954,0.017097
1212,12,483.5,488.8,3,2,29,0.85535,0,2.2667,0,22.642,0,0.44025,0,1.1667,0,22.642,0,0.23373,0.028045,0.21675,0.029128
1212,12,498.57,499.03,3,2,30,1,0,0.4666,0,128.59,0,1,0,0.4666,0,128.59,0,0.32915,0.04454,0.33604,0.043186
1212,12,525.83,528,21,2,31,1,0,2.1667,0,27.692,0,1,0,2.1667,0,27.692,0,0.30184,0.027226,0.29362,0.027089
1212,12,528.17,528.57,21,2,32,1,0,0.3999,0,150.04,0,1,0,0.3999,0,150.04,0,0.23512,0.034083,0.24989,0.033674
1212,12,528.67,528.77,21,2,33,1,0,0.0999,0,600.6,0,1,0,0.0999,0,600.6,0,0.11858,0.037026,0.11858,0.037026
1212,12,529.1,529.3,21,2,34,1,0,0.2,0,300,0,1,0,0.2,0,300,0,0.1767,0.042721,0.18148,0.042671
1212,12,532.9,533.5,21,2,35,1,0,0.6,0,100,0,1,0,0.6,0,100,0,0.35115,0.040347,0.35381,0.039871
1212,12,543.2,544.03,12,2,36,0.96004,0,0.8,0,72.003,0,0.19997,0,0.16663,0,72.003,0,0.11127,0.027952,0.10227,0.026765
1212,12,585.63,586.17,7,2,37,1,0,0.5333,0,112.51,0,1,0,0.5333,0,112.51,0,0.091083,0.029582,0.092471,0.028265
1212,12,586.4,586.53,7,2,38,1,0,0.1333,0,450.11,0,1,0,0.1333,0,450.11,0,0.087682,0.025469,0.081777,0.025043
1212,12,611.97,612,20,2,39,1,0,0.0333,0,1801.8,0,1,0,0.0333,0,1801.8,0,0,0,0,0
1212,12,612.77,612.97,20,2,40,0.50008,0,0.099967,0,300.15,0,1,0,0.1999,0,300.15,0,0.11532,0.042553,0.11578,0.042786
1212,12,679.77,680.3,10,2,41,0.31246,0,0.16663,0,112.51,112.51,1,0,0.5333,0,112.51,0,0.14893,0.037536,0.14286,0.038573
1213,12,54.833,55.433,10,1,1,1,0,0.6,0,100,0,1,0,0.6,0,100,0,0.17174,0.035153,0.17067,0.035052
1213,12,55.767,56.067,10,1,2,1,0,0.2999,0,200.07,0,1,0,0.2999,0,200.07,0,0.13151,0.02742,0.13125,0.027438
1213,12,56.2,56.233,10,1,3,1,0,0.0333,0,1801.8,0,0,0,0,0,0,0,0.14964,0.025154,0.14964,0.025154
1213,12,67.667,68.133,18,1,4,1,0,0.4666,0,128.59,0,0,0,0,0,0,0,0.1333,0.01571,0.13283,0.01553
1213,12,74.6,74.633,18,1,5,1,0,0.0333,0,1801.8,0,1,0,0.0333,0,1801.8,0,0.09292,0.021743,0.09292,0.021743
1213,12,102.5,102.57,16,1,6,1,0,0.0666,0,900.9,0,1,0,0.0666,0,900.9,0,0.09617,0.022915,0.09617,0.022915
1213,12,144.93,145,14,1,7,1,0,0.0667,0,899.55,0,0,0,0,0,0,0,0.092161,0.018904,0.092161,0.018904
1213,12,148.77,149.13,14,1,8,1,0,0.3666,0,163.67,0,1,0,0.3666,0,163.67,0,0.15437,0.041774,0.15596,0.041501
1213,12,152.6,152.67,14,1,9,1,0,0.0666,0,900.9,0,0,0,0,0,0,0,0.089054,0.0254,0.089054,0.0254
1213,12,155.77,155.87,14,1,10,1,0,0.0999,0,600.6,0,0,0,0,0,0,0,0.075962,0.022196,0.075962,0.022196
1213,12,181.1,181.3,18,1,11,1,0,0.2,0,300,0,0,0,0,0,0,0,0.14555,0.029936,0.14301,0.030366
1213,12,181.47,181.53,18,1,12,1,0,0.0666,0,900.9,0,0,0,0,0,0,0,0.13901,0.024092,0.13901,0.024092
1213,12,191.17,191.4,21,1,13,1,0,0.2333,0,257.18,0,0.28561,0,0.066633,0,257.18,0,0.063987,0.015187,0.063333,0.015183
1213,12,191.53,191.83,21,1,14,1,0,0.3,0,200,0,0,0,0,0,0,0,0.080531,0.017389,0.08127,0.017401
1213,12,191.87,192.13,21,1,15,1,0,0.2666,0,225.06,0,0,0,0,0,0,0,0.07991,0.016832,0.080937,0.016816
1213,12,193.03,193.07,21,1,16,1,0,0.0333,0,1801.8,0,0,0,0,0,0,0,0.069499,0.017465,0.069499,0.017465
1213,12,222.27,222.83,20,1,17,1,0,0.5666,0,105.89,0,0,0,0,0,0,0,0.088996,0.018544,0.088564,0.01884
1213,12,222.93,225.27,20,1,18,1,0,2.3333,0,25.715,0,0.9857,0,2.2999,0,25.715,0,0.13074,0.020706,0.14296,0.020587
1213,12,228.37,228.43,11,1,19,1,0,0.0666,0,900.9,0,1,0,0.0666,0,900.9,0,0.13956,0.067065,0.13956,0.067065
1213,12,238.4,238.63,11,1,20,1,0,0.2333,0,257.18,0,1,0,0.2333,0,257.18,0,0.25069,0.0334,0.25156,0.033845
1213,12,241.4,242.6,11,1,21,1,0,1.2,0,50,0,1,0,1.2,0,50,0,0.13836,0.023252,0.13945,0.021977
1213,12,285.03,285.2,22,1,22,1,0,0.1667,0,359.93,0,0,0,0,0,0,0,0.08004,0.027071,0.079727,0.027085
1213,12,285.63,285.93,22,1,23,1,0,0.3,0,200,0,0,0,0,0,0,0,0.07832,0.022238,0.079189,0.022325
1213,12,286.17,286.2,22,1,24,1,0,0.0333,0,1801.8,0,0,0,0,0,0,0,0,0,0,0
1213,12,287.8,287.9,22,1,25,1,0,0.1,0,600,0,0,0,0,0,0,0,0.10065,0.028264,0.10041,0.028968
1213,12,331.67,331.73,24,1,26,1,0,0.0666,0,900.9,0,0,1,0,0.0666,0,900.9,0.074746,0.021684,0.074746,0.021684
1213,12,354.3,354.77,1,1,27,1,0,0.4666,0,128.59,0,0,0.78583,0,0.36667,0,128.59,0.080651,0.021733,0.079722,0.020874
1213,12,356.93,357,1,1,28,0,1,0,0.0667,0,899.55,0,0,0,0,0,0,0.14574,0.021406,0.14574,0.021406
1213,12,357.17,357.3,1,1,29,0,1,0,0.1333,0,450.11,0,0,0,0,0,0,0.1211,0.020871,0.12103,0.020868
1213,12,880.17,880.33,22,2,30,0,1,0,0.1666,0,360.14,1,0,0.1666,0,360.14,0,0.1187,0.050185,0.1194,0.05032
1214,12,54.7,54.867,20,1,1,1,0,0.1666,0,360.14,0,1,0,0.1666,0,360.14,0,0.11796,0.03296,0.11958,0.032929
1214,12,58.567,58.767,19,1,2,0.49992,0,0.099933,0,300.15,0,0,0,0,0,0,0,0.13012,0.041652,0.13086,0.041577
1214,12,109.63,109.8,21,1,3,1,0,0.1667,0,359.93,0,0.9998,0,0.16667,0,359.93,0,0.10532,0.028972,0.10588,0.028969
1214,12,109.97,112.13,21,1,4,1,0,2.1666,0,27.693,0,0.76924,0,1.6666,0,27.693,0,0.19888,0.022288,0.19754,0.022415
1214,12,113.4,113.53,21,1,5,1,0,0.1333,0,450.11,0,0,0,0,0,0,0,0.13828,0.029595,0.13746,0.029364
1214,12,113.63,114.93,21,1,6,1,0,1.3,0,46.154,0,0.94869,0,1.2333,0,46.154,0,0.23545,0.028416,0.24363,0.028587
1214,12,118.63,122.87,21,1,7,0.85038,0,3.5999,0,14.173,0,0.60631,0,0.85557,0,42.52,0,0.32593,0.025238,0.32573,0.025078
1214,12,135.07,135.33,10,1,8,1,0,0.2666,0,225.06,0,1,0,0.2666,0,225.06,0,0.13288,0.037922,0.13262,0.038443
1214,12,148.47,148.77,7,1,9,1,0,0.2999,0,200.07,0,0.22219,0.66667,0.066633,0.19993,200.07,200.07,0.34809,0.063969,0.3198,0.064217
1214,12,172.8,172.87,3,1,10,0.4995,0,0.033267,0,900.9,0,1,0,0.0666,0,900.9,0,0.13119,0.045931,0.13119,0.045931
1214,12,200.73,201.4,16,1,11,0,0,0,0,0,0,1,0,0.6667,0,89.996,0,0.32119,0.036565,0.29891,0.036759
1214,12,201.47,201.97,16,1,12,0,0,0,0,0,0,1,0,0.4999,0,120.02,0,0.38879,0.040585,0.39181,0.037028
1214,12,230.57,230.73,6,1,13,1,0,0.1666,0,360.14,0,1,0,0.1666,0,360.14,0,0.16786,0.035769,0.16916,0.035647
1214,12,235.3,238,6,1,14,1,0,2.7,0,22.222,0,0.11111,0,0.3,0,22.222,0,0.18553,0.033655,0.18075,0.033762
1214,12,311.83,312,14,1,15,0.60008,0,0.10003,0,359.93,0,0,0,0,0,0,0,0.24072,0.02964,0.25306,0.029399
1214,12,343.3,343.33,2,1,16,1,0,0.0333,0,1801.8,0,1,0,0.0333,0,1801.8,0,0.22785,0.094494,0.22785,0.094494
1214,12,343.37,343.8,2,1,17,1,0,0.4333,0,138.47,0,1,0,0.4333,0,138.47,0,0.23489,0.10263,0.23552,0.10479
1214,12,343.87,344.33,2,1,18,1,0,0.4666,0,128.59,0,1,0,0.4666,0,128.59,0,0.23903,0.10297,0.23087,0.10295
1214,12,379.7,379.73,2,1,19,0,1,0,0.0333,0,1801.8,1,0,0.0333,0,1801.8,0,0.19012,0.068283,0.19012,0.068283
1214,12,379.77,380.2,2,1,20,0.5385,0.076852,0.23333,0.0333,138.47,138.47,1,0,0.4333,0,138.47,0,0.38195,0.054512,0.36526,0.053309
1214,12,431.73,432.43,14,1,21,1,0,0.7,0,85.714,0,0.381,0,0.2667,0,85.714,0,0.33379,0.03389,0.3461,0.03237
1214,12,456.07,456.17,2,1,22,0,1,0,0.0999,0,600.6,1,0,0.0999,0,600.6,0,0.17816,0.035993,0.17816,0.035993
1215,12,168.93,169,19,1,1,1,0,0.0667,0,899.55,0,0.50025,0,0.033367,0,899.55,899.55,0.081696,0.02308,0.081696,0.02308
1215,12,196.23,196.73,4,1,2,1,0,0.5,0,120,0,0,0,0,0,0,0,0.11665,0.017909,0.11781,0.017956
1215,12,197.23,198.23,4,1,3,1,0,1,0,60,0,0.99997,0,0.99997,0,60,0,0.13896,0.017687,0.10175,0.017661
1215,12,198.7,200.17,4,1,4,1,0,1.4666,0,40.911,0,0.13637,0,0.2,0,40.911,0,0.20424,0.015049,0.19486,0.015198
1215,12,205.2,206.2,4,1,5,0,0,0,0,0,0,0,0,0,0,0,0,0.1261,0.010174,0.11263,0.010157
1215,12,467.87,468.53,10,2,6,1,0,0.6666,0,90.009,0,0,0,0,0,0,0,0.13787,0.010173,0.13791,0.010173
1216,12,129.33,129.43,21,1,1,1,0,0.1,0,600,0,1,0,0.1,0,600,0,0.25004,0.027265,0.25148,0.026891
1216,12,129.73,130.67,21,1,2,1,0,0.9333,0,64.288,0,1,0,0.9333,0,64.288,0,0.1695,0.028514,0.15162,0.028692
1216,12,168.17,168.3,2,1,3,1,0,0.1333,0,450.11,0,1,0,0.1333,0,450.11,0,0.42817,0.027541,0.42754,0.027451
1216,12,295.03,295.73,10,1,4,1,0,0.7,0,85.714,0,1,0,0.7,0,85.714,0,0.16614,0.03155,0.16429,0.030714
1216,12,404.17,404.73,17,1,5,1,0,0.5666,0,105.89,0,1,0,0.5666,0,105.89,0,0.11484,0.040635,0.11443,0.040816
1216,12,429.1,430.17,17,1,6,1,0,1.0666,0,56.254,0,1,0,1.0666,0,56.254,0,0.10243,0.026624,0.10241,0.026484
1216,12,430.33,430.6,17,1,7,1,0,0.2667,0,224.97,0,1,0,0.2667,0,224.97,0,0.10672,0.041854,0.10668,0.042667
1216,12,560.83,560.87,17,2,8,1,0,0.0333,0,1801.8,0,1,0,0.0333,0,1801.8,0,0.061787,0.031023,0.061787,0.031023
1216,12,562.3,562.87,17,2,9,1,0,0.5666,0,105.89,0,1,0,0.5666,0,105.89,0,0.094867,0.021172,0.095068,0.02161
1216,12,563.83,564.1,17,2,10,1,0,0.2667,0,224.97,0,1,0,0.2667,0,224.97,0,0.09817,0.030844,0.097969,0.031479
1216,12,564.57,564.6,17,2,11,1,0,0.0333,0,1801.8,0,1,0,0.0333,0,1801.8,0,0,0,0,0
1216,12,564.63,565.07,17,2,12,1,0,0.4333,0,138.47,0,1,0,0.4333,0,138.47,0,0.065135,0.012059,0.065417,0.011488
1216,12,579.43,580,17,2,13,1,0,0.5667,0,105.88,0,1,0,0.5667,0,105.88,0,0.095227,0.012964,0.093229,0.01166
1216,12,580.8,581.2,17,2,14,1,0,0.4,0,150,0,1,0,0.4,0,150,0,0.093691,0.01823,0.092249,0.018098
1216,12,584.9,586.2,22,2,15,1,0,1.3,0,46.154,0,1,0,1.3,0,46.154,0,0.14635,0.03814,0.14453,0.037577
1217,12,46.7,46.933,1,1,1,1,0,0.2333,0,257.18,0,1,0,0.2333,0,257.18,0,0.14209,0.021764,0.14551,0.02183
1217,12,49.267,49.4,1,1,2,1,0,0.1333,0,450.11,0,1,0,0.1333,0,450.11,0,0.11052,0.023744,0.11322,0.023766
1217,12,49.533,49.833,1,1,3,1,0,0.3,0,200,0,0.55567,0,0.1667,0,200,0,0.11717,0.022778,0.12211,0.023222
1217,12,123.2,123.6,17,1,4,1,0,0.4,0,150,0,1,0,0.4,0,150,0,0.075946,0.017419,0.077967,0.017305
1217,12,162.57,162.67,17,1,5,1,0,0.0999,0,600.6,0,1,0,0.0999,0,600.6,0,0.081084,0.020664,0.081084,0.020664
1217,12,190.43,190.57,17,1,6,1,0,0.1333,0,450.11,0,1,0,0.1333,0,450.11,0,0.090856,0.016761,0.09137,0.016725
1217,12,221.4,221.53,17,1,7,1,0,0.1333,0,450.11,0,1,0,0.1333,0,450.11,0,0.070477,0.018337,0.07082,0.018337
1217,12,221.8,222.9,17,1,8,1,0,1.1,0,54.545,0,1,0,1.1,0,54.545,0,0.076541,0.018336,0.079134,0.018211
1217,12,259.73,259.83,11,1,9,1,0,0.1,0,600,0,0,0,0,0,0,0,0.12536,0.059786,0.12441,0.059521
1217,12,408.53,408.57,21,2,10,0,0,0,0,0,0,0,0,0,0,0,0,0.20721,0.036863,0.20721,0.036863
1217,12,430.23,430.27,10,2,11,0,0,0,0,0,0,0,0,0,0,0,0,0.10169,0.038346,0.10169,0.038346
1217,12,430.3,430.4,10,2,12,0,0,0,0,0,0,0,0,0,0,0,0,0.10086,0.036802,0.10148,0.03669
1217,12,443.5,444.03,21,2,13,0,0,0,0,0,0,0,0,0,0,0,0,0.19963,0.029901,0.20125,0.032012
1217,12,444.53,444.63,21,2,14,0,0,0,0,0,0,0,0,0,0,0,0,0.084634,0.0286,0.075495,0.029206
1217,12,467.7,467.97,10,2,15,0,0,0,0,0,0,0,0,0,0,0,0,0.10844,0.032159,0.10902,0.031671
1217,12,497.73,498.2,23,2,16,0,0,0,0,0,0,0,0,0,0,0,0,0.19541,0.037192,0.18211,0.036462
1217,12,506.7,506.87,23,2,17,0,0,0,0,0,0,0,0,0,0,0,0,0.21947,0.034829,0.21874,0.034438
1217,12,538.17,538.87,23,2,18,0,0,0,0,0,0,0,0,0,0,0,0,0.15675,0.029491,0.15501,0.028454
1217,12,632.83,633.37,15,2,19,0,0,0,0,0,0,1,0,0.5333,0,112.51,0,0.16697,0.014394,0.15031,0.013537
1217,12,634.33,634.37,15,2,20,1,0,0.0333,0,1801.8,0,1,0,0.0333,0,1801.8,0,0.15614,0.02734,0.15614,0.02734
1217,12,651.17,651.23,15,2,21,0,0,0,0,0,0,0,0,0,0,0,0,0.36182,0,0.36182,0
1217,12,654.77,655.7,15,2,22,0.78571,0,0.7333,0,64.288,0,0,0,0,0,0,0,0.35795,0.026948,0.34316,0.023983
1217,12,660.93,660.97,15,2,23,0,0,0,0,0,0,0,0,0,0,0,0,0.086953,0,0.086953,0
1217,12,666.7,667.1,15,2,24,1,0,0.4,0,150,0,1,0,0.4,0,150,0,0.37852,0.031354,0.38427,0.032295
1218,12,48.6,48.667,5,1,1,0,1,0,0.0666,0,900.9,0,0,0,0,0,0,0.13616,0.038501,0.13616,0.038501
1218,12,74.1,74.5,15,1,2,1,0,0.4,0,150,0,0,0.25,0,0.1,0,150,0.22428,0.062666,0.23066,0.063873
1218,12,83.067,83.267,20,1,3,1,0,0.1999,0,300.15,0,1,0,0.1999,0,300.15,0,0.11716,0.044817,0.11601,0.043082
1218,12,83.7,84.333,20,1,4,1,0,0.6333,0,94.742,0,1,0,0.6333,0,94.742,0,0.23281,0.074928,0.23687,0.07469
1218,12,84.8,84.933,20,1,5,1,0,0.1333,0,450.11,0,1,0,0.1333,0,450.11,0,0.18702,0.039762,0.18693,0.041491
1218,12,85.467,86.933,20,1,6,1,0,1.4666,0,40.911,0,1,0,1.4666,0,40.911,0,0.16814,0.033318,0.1675,0.033321
1218,12,87.367,87.867,20,1,7,1,0,0.4999,0,120.02,0,1,0,0.4999,0,120.02,0,0.16912,0.029297,0.16988,0.029158
1218,12,88.4,90.9,20,1,8,1,0,2.5,0,24,0,1,0,2.5,0,24,0,0.19459,0.032418,0.19833,0.032489
1218,12,169.23,169.47,19,1,9,1,0,0.2333,0,257.18,0,1,0,0.2333,0,257.18,0,0.12374,0.032812,0.12612,0.032653
1218,12,169.73,169.9,19,1,10,1,0,0.1667,0,359.93,0,1,0,0.1667,0,359.93,0,0.095297,0.037828,0.096038,0.036235
1218,12,169.93,170.1,19,1,11,1,0,0.1667,0,359.93,0,1,0,0.1667,0,359.93,0,0.098094,0.042225,0.097396,0.042707
1218,12,170.17,170.27,19,1,12,1,0,0.0999,0,600.6,0,1,0,0.0999,0,600.6,0,0.12962,0.045087,0.12962,0.045087
1218,12,171.37,171.73,19,1,13,1,0,0.3666,0,163.67,0,1,0,0.3666,0,163.67,0,0.15641,0.034153,0.14457,0.034498
1218,12,172.43,172.53,19,1,14,1,0,0.1,0,600,0,1,0,0.1,0,600,0,0.30868,0.04859,0.30454,0.049989
1218,12,218.33,218.77,8,1,15,1,0,0.4333,0,138.47,0,1,0,0.4333,0,138.47,0,0.17464,0.055117,0.16772,0.056502
1218,12,222.43,223.33,8,1,16,1,0,0.9,0,66.667,0,1,0,0.9,0,66.667,0,0.15122,0.039029,0.15172,0.039872
1218,12,234.1,235.33,3,1,17,1,0,1.2333,0,48.65,0,1,0,1.2333,0,48.65,0,0.54702,0.038605,0.59254,0.039482
1218,12,235.37,235.53,3,1,18,1,0,0.1666,0,360.14,0,1,0,0.1666,0,360.14,0,0.69763,0.039871,0.6979,0.039975
1218,12,235.57,235.6,3,1,19,1,0,0.0333,0,1801.8,0,1,0,0.0333,0,1801.8,0,0,0,0,0
1218,12,236.33,236.77,3,1,20,0.61551,0,0.2667,0,138.47,0,1,0,0.4333,0,138.47,0,0.3597,0.029499,0.35902,0.026654
1218,12,237.43,237.47,3,1,21,0,1,0,0.0333,0,1801.8,1,0,0.0333,0,1801.8,0,0.13645,0.065797,0.13645,0.065797
1218,12,297.33,297.4,21,1,22,1,0,0.0667,0,899.55,0,1,0,0.0667,0,899.55,0,0.12418,0.034283,0.12418,0.034283
1218,12,297.53,298.27,21,1,23,1,0,0.7333,0,81.822,0,1,0,0.7333,0,81.822,0,0.17017,0.039737,0.15916,0.039795
1218,12,316,317.4,20,1,24,0.64286,0.2619,0.9,0.18333,42.857,85.714,0.095238,0,0.066667,0,85.714,0,0.16806,0.040761,0.1654,0.040521
1218,12,333.33,333.8,20,1,25,1,0,0.4667,0,128.56,0,1,0,0.4667,0,128.56,0,0.20289,0.050245,0.20542,0.050816
1218,12,334.13,334.37,20,1,26,1,0,0.2333,0,257.18,0,1,0,0.2333,0,257.18,0,0.2025,0.047557,0.20439,0.050025
1218,12,421.1,422,1,1,27,0,1,0,0.9,0,66.667,1,0,0.9,0,66.667,0,0.457,0.03473,0.45478,0.034144
1218,12,422.03,423.27,15,1,28,0.89194,0.054001,1.1,0.0666,48.65,48.65,0,0.86486,0,0.53332,0,97.3,0.37838,0.063974,0.3664,0.064266
1218,12,456.77,456.9,16,1,29,1,0,0.1333,0,450.11,0,1,0,0.1333,0,450.11,0,0.62846,0.2553,0.62702,0.24717
1218,12,464.13,466.63,15,1,30,0.50668,0.49332,1.2667,1.2333,24,24,0,1,0,2.5,0,24,0.47373,0.090257,0.47738,0.089194
1218,12,475.73,475.9,5,1,31,1,0,0.1667,0,359.93,0,1,0,0.1667,0,359.93,0,0.14711,0.042862,0.14795,0.042641
1218,12,514.23,514.27,14,1,32,1,0,0.0333,0,1801.8,0,1,0,0.0333,0,1801.8,0,0.16423,0.080577,0.16423,0.080577
1219,12,86.233,86.733,15,1,1,1,0,0.5,0,120,0,1,0,0.5,0,120,0,0.25477,0.041734,0.24219,0.04244
1219,12,184.67,184.7,21,1,2,1,0,0.0333,0,1801.8,0,0,0,0,0,0,0,0,0,0,0
1219,12,184.73,184.93,21,1,3,0.8335,0,0.1667,0,300,0,0,0,0,0,0,0,0.073251,0.022154,0.074521,0.021549
1219,12,191.07,191.5,10,1,4,1,0,0.4333,0,138.47,0,1,0,0.4333,0,138.47,0,0.10842,0.039381,0.10714,0.039442
1219,12,222.53,222.57,1,1,5,1,0,0.0333,0,1801.8,0,1,0,0.0333,0,1801.8,0,0.10609,0.028351,0.10609,0.028351
1219,12,222.9,223.27,1,1,6,1,0,0.3666,0,163.67,0,0.3637,0,0.13333,0,163.67,0,0.10239,0.026187,0.10029,0.026161
1219,12,226.97,227,15,1,7,1,0,0.0333,0,1801.8,0,1,0,0.0333,0,1801.8,0,0,0,0,0
1219,12,227.03,227.13,15,1,8,1,0,0.1,0,600,0,1,0,0.1,0,600,0,0.22756,0.05106,0.22296,0.051259
1219,12,232.97,233.23,22,1,9,1,0,0.2666,0,225.06,0,0,1,0,0.2666,0,225.06,0.12203,0.026811,0.12439,0.026209
1219,12,235.33,235.67,22,1,10,1,0,0.3333,0,180.02,0,0,1,0,0.3333,0,180.02,0.13855,0.019781,0.13876,0.020588
1219,12,235.73,236.73,22,1,11,1,0,1,0,60,0,0,1,0,1,0,60,0.10353,0.02573,0.107,0.025491
1219,12,239.03,239.27,22,1,12,0.85741,0,0.20003,0,257.18,0,0.57165,0.14259,0.13337,0.033267,257.18,257.18,0.12074,0.032879,0.12184,0.032687
1219,12,239.3,239.33,22,1,13,0,1,0,0.0333,0,1801.8,0,1,0,0.0333,0,1801.8,0.12824,0.033454,0.12824,0.033454
1219,12,256.57,256.87,17,1,14,1,0,0.2999,0,200.07,0,0.88907,0,0.26663,0,200.07,0,0.14537,0.02511,0.14414,0.024608
1219,12,274.17,274.23,17,1,15,1,0,0.0666,0,900.9,0,1,0,0.0666,0,900.9,0,0.14285,0.045608,0.14285,0.045608
1219,12,274.93,275.1,17,1,16,1,0,0.1667,0,359.93,0,0.39992,0,0.066667,0,359.93,0,0.19801,0.054552,0.20254,0.055759
1219,12,284.47,284.5,17,1,17,1,0,0.0333,0,1801.8,0,1,0,0.0333,0,1801.8,0,0,0,0,0
1219,12,284.6,284.87,17,1,18,1,0,0.2666,0,225.06,0,1,0,0.2666,0,225.06,0,0.24267,0.051086,0.2461,0.050604
1219,12,284.97,285.27,17,1,19,1,0,0.2999,0,200.07,0,1,0,0.2999,0,200.07,0,0.3454,0.051202,0.35143,0.05188
1219,12,285.3,285.77,17,1,20,1,0,0.4666,0,128.59,0,1,0,0.4666,0,128.59,0,0.18946,0.051859,0.19882,0.051806
1219,12,285.97,286,17,1,21,1,0,0.0333,0,1801.8,0,1,0,0.0333,0,1801.8,0,0,0,0,0
1219,12,286.13,286.23,17,1,22,1,0,0.1,0,600,0,1,0,0.1,0,600,0,0.17499,0.054361,0.17339,0.056195
1219,12,305.33,305.87,10,1,23,1,0,0.5333,0,112.51,0,1,0,0.5333,0,112.51,0,0.1964,0.028785,0.20238,0.028183
1219,12,309.13,310.03,10,1,24,1,0,0.9,0,66.667,0,0.85189,0,0.7667,0,66.667,0,0.19926,0.023104,0.21333,0.023407
1219,12,322.47,322.53,8,1,25,1,0,0.0666,0,900.9,0,0,1,0,0.0666,0,900.9,0.059759,0.022246,0.059759,0.022246
1219,12,322.63,322.8,8,1,26,1,0,0.1667,0,359.93,0,0,1,0,0.1667,0,359.93,0.068763,0.031478,0.06734,0.030817
1219,12,323.07,323.23,8,1,27,1,0,0.1666,0,360.14,0,0,1,0,0.1666,0,360.14,0.099525,0.028852,0.10061,0.029399
1219,12,325.43,326.17,6,1,28,1,0,0.7333,0,81.822,0,0.6363,0,0.4666,0,81.822,0,0.16668,0.028309,0.16523,0.027714
1219,12,333.5,334.8,4,1,29,1,0,1.3,0,46.154,0,0.20513,0,0.26667,0,46.154,0,0.10675,0.014277,0.093424,0.014219
1219,12,334.83,335.33,4,1,30,1,0,0.5,0,120,0,0.79993,0,0.39997,0,120,0,0.098766,0.014638,0.10255,0.013626
1219,12,354.2,354.53,17,1,31,1,0,0.3333,0,180.02,0,1,0,0.3333,0,180.02,0,0.197,0.048033,0.20223,0.048603
1219,12,385.33,385.97,24,1,32,1,0,0.6333,0,94.742,0,1,0,0.6333,0,94.742,0,0.11183,0.016352,0.10898,0.016372
1219,12,396.5,397.2,24,1,33,1,0,0.7,0,85.714,0,0.33333,0,0.23333,0,85.714,0,0.092461,0.022952,0.094531,0.023517
1219,12,513.73,514.17,15,1,34,1,0,0.4333,0,138.47,0,0,0,0,0,0,0,0.25298,0.023081,0.23206,0.023878
1219,12,523.07,523.2,15,1,35,1,0,0.1333,0,450.11,0,1,0,0.1333,0,450.11,0,0.11325,0.049932,0.11092,0.050017
1220,12,52.6,52.767,15,1,1,1,0,0.1666,0,360.14,0,0,0,0,0,0,0,0.17124,0.040983,0.17145,0.041321
1220,12,128.4,130.07,4,1,2,1,0,1.6666,0,36.001,0,0,0,0,0,0,0,0.21406,0.03251,0.19042,0.031694
1220,12,130.1,132.43,4,1,3,1,0,2.3333,0,25.715,0,0.57142,0,0.66665,0,51.429,0,0.24946,0.033599,0.251,0.033715
1220,12,133.87,135.13,4,1,4,1,0,1.2666,0,47.371,0,0.36839,0,0.2333,0,94.742,0,0.28595,0.04072,0.30058,0.040608
1220,12,135.77,136.67,4,1,5,0.88895,0,0.79997,0,66.674,0,0.37037,0,0.3333,0,66.674,0,0.17302,0.032595,0.1422,0.032462
1220,12,153.63,153.9,20,1,6,0.62492,0,0.16667,0,224.97,0,1,0,0.2667,0,224.97,0,0.12254,0.03422,0.12207,0.033696
1220,12,158.07,158.33,20,1,7,0,0,0,0,0,0,0,0,0,0,0,0,0.066099,0.02295,0.06627,0.022695
1220,12,182.7,182.77,1,1,8,1,0,0.0666,0,900.9,0,1,0,0.0666,0,900.9,0,0.086973,0.040068,0.086973,0.040068
1220,12,273.53,273.57,10,1,9,1,0,0.0333,0,1801.8,0,1,0,0.0333,0,1801.8,0,0.1075,0.041311,0.1075,0.041311
1220,12,351.4,351.87,21,1,10,1,0,0.4666,0,128.59,0,0.14288,0.21417,0.066667,0.099933,128.59,128.59,0.13653,0.023272,0.13438,0.020809
1220,12,522.37,522.6,10,1,11,1,0,0.2333,0,257.18,0,0.28561,0,0.066633,0,257.18,0,0.058604,0.019797,0.058024,0.019826
1221,12,38.233,38.3,7,1,1,1,0,0.0667,0,899.55,0,1,0,0.0667,0,899.55,0,0.17855,0.024367,0.17855,0.024367
1221,12,71.833,72.167,1,1,2,0,0.89989,0,0.29993,0,180.02,0.20012,0.19982,0.0667,0.0666,180.02,180.02,0.10134,0.024022,0.08953,0.024108
1221,12,72.667,73.1,1,1,3,0,1,0,0.4333,0,138.47,0,1,0,0.4333,0,138.47,0.18407,0.043762,0.18673,0.046562
1221,12,102.1,102.9,15,1,4,1,0,0.8,0,75,0,0,0,0,0,0,0,0.32835,0.00435,0.29505,0.0042676
1221,12,172.6,172.7,10,1,5,1,0,0.1,0,600,0,1,0,0.1,0,600,0,0.070343,0.030371,0.071777,0.030432
1221,12,186.17,187.07,10,1,6,1,0,0.8999,0,66.674,0,0,1,0,0.8999,0,66.674,0.19755,0.030247,0.18436,0.029583
1221,12,187.13,187.37,10,1,7,1,0,0.2333,0,257.18,0,0,1,0,0.2333,0,257.18,0.1155,0.036433,0.11393,0.037387
1221,12,187.47,187.67,10,1,8,1,0,0.1999,0,300.15,0,0,1,0,0.1999,0,300.15,0.095174,0.034749,0.095312,0.035325
1221,12,187.8,188.4,10,1,9,0,1,0,0.6,0,100,0,0,0,0,0,0,0.13009,0.034835,0.11085,0.03504
1221,12,213.3,213.33,5,1,10,1,0,0.0333,0,1801.8,0,0,0,0,0,0,0,0.07835,0.026016,0.07835,0.026016
1221,12,235.17,235.5,12,1,11,1,0,0.3333,0,180.02,0,1,0,0.3333,0,180.02,0,0.12356,0.027779,0.13481,0.026105
1221,12,300.43,300.6,16,1,12,0.39992,0,0.066667,0,359.93,0,0,0,0,0,0,0,0.099278,0,0.088301,0
1221,12,300.63,300.9,16,1,13,1,0,0.2667,0,224.97,0,0,0,0,0,0,0,0.072133,0,0.071284,0
1222,12,57.1,57.5,16,1,1,0.41667,0,0.16667,0,150,0,0.83333,0,0.33333,0,150,0,0.10179,0.030015,0.094268,0.029928
1222,12,90.733,93.867,15,1,2,1,0,3.1333,0,19.149,0,0.91491,0.031894,2.8667,0.099933,19.149,19.149,0.25267,0.035864,0.24036,0.035668
1222,12,127.4,128.33,15,1,3,0.5357,0.35716,0.49997,0.33333,64.288,64.288,1,0,0.9333,0,64.288,0,0.32031,0.038455,0.3273,0.034164
1222,12,129.2,129.47,6,1,4,0,1,0,0.2666,0,225.06,0,1,0,0.2666,0,225.06,0.16966,0.050478,0.16885,0.052132
1222,12,129.47,129.5,15,1,5,1,0,0.0333,0,1801.8,0,1,0,0.0333,0,1801.8,0,0,0,0,0
1222,12,129.5,130.17,6,1,6,0,1,0,0.6666,0,90.009,0,1,0,0.6666,0,90.009,0.13599,0.033694,0.11676,0.035988
1222,12,130.17,130.3,15,1,7,1,0,0.1333,0,450.11,0,1,0,0.1333,0,450.11,0,0.21393,0.15044,0.21474,0.17531
1222,12,130.4,132.2,6,1,8,0,1,0,1.8,0,33.333,0,1,0,1.8,0,33.333,0.15976,0.022313,0.15812,0.018913
1222,12,132.2,133,15,1,9,0.125,0.79167,0.1,0.63333,75,75,1,0,0.8,0,75,0,0.37842,0.11104,0.36777,0.099449
1222,12,133.03,133.1,6,1,10,1,0,0.0667,0,899.55,0,0,1,0,0.0667,0,899.55,0.24194,0.068284,0.24194,0.068284
1222,12,133.13,134.13,15,1,11,0,1,0,1,0,60,1,0,1,0,60,0,0.36683,0.091276,0.3299,0.086941
1222,12,134.5,134.63,15,1,12,1,0,0.1333,0,450.11,0,1,0,0.1333,0,450.11,0,0.28444,0.070531,0.2832,0.071743
1222,12,134.73,135.17,15,1,13,1,0,0.4333,0,138.47,0,1,0,0.4333,0,138.47,0,0.38124,0.063313,0.38044,0.062369
1222,12,135.17,135.33,6,1,14,0,1,0,0.1666,0,360.14,0,1,0,0.1666,0,360.14,0.22743,0.022426,0.22947,0.022178
1222,12,135.37,136.2,6,1,15,0,1,0,0.8333,0,72.003,0,1,0,0.8333,0,72.003,0.18945,0.020669,0.18937,0.019986
1222,12,136.2,138.3,15,1,16,0.19048,0.7619,0.2,1.6,57.143,28.571,0.30159,0.66667,0.63333,1.4,28.571,28.571,0.49877,0.083568,0.51529,0.077014
1222,12,153.97,154.1,6,1,17,0,0,0,0,0,0,0,0,0,0,0,0,0.094824,0.045396,0.095527,0.046707
1222,12,171.83,172.73,15,1,18,1,0,0.9,0,66.667,0,1,0,0.9,0,66.667,0,0.45673,0.031567,0.46154,0.030654
1222,12,179.43,179.97,15,1,19,1,0,0.5333,0,112.51,0,1,0,0.5333,0,112.51,0,0.36419,0.035023,0.37095,0.032623
1222,12,183.17,183.73,15,1,20,1,0,0.5666,0,105.89,0,1,0,0.5666,0,105.89,0,0.28032,0.028354,0.26719,0.027289
1222,12,184.5,184.6,15,1,21,1,0,0.1,0,600,0,1,0,0.1,0,600,0,0.29125,0.027609,0.29481,0.02757
1222,12,186.73,187.37,15,1,22,1,0,0.6333,0,94.742,0,0.31586,0.42097,0.20003,0.2666,94.742,94.742,0.53698,0.023137,0.54422,0.023111
1222,12,194.03,194.37,15,1,23,1,0,0.3333,0,180.02,0,1,0,0.3333,0,180.02,0,0.31112,0.021557,0.30768,0.021766
1222,12,208.07,209.07,15,1,24,1,0,0.9999,0,60.006,0,0.70004,0.19995,0.69997,0.19993,60.006,60.006,0.35924,0.031734,0.35021,0.030688
1222,12,283.03,283.13,15,1,25,1,0,0.1,0,600,0,1,0,0.1,0,600,0,0.13886,0.0464,0.13916,0.04576
1223,12,30,31.4,6,1,1,0.71429,0.2381,1,0.33333,42.857,42.857,1,0,1.4,0,42.857,0,0.20835,0.027845,0.2114,0.027748
1223,12,33.2,34.5,6,1,2,1,0,1.3,0,46.154,0,1,0,1.3,0,46.154,0,0.14935,0.026249,0.14685,0.026217
1223,12,41.4,42.033,6,1,3,1,0,0.6333,0,94.742,0,0.63161,0,0.4,0,94.742,0,0.17249,0.02872,0.17139,0.027933
1223,12,130.17,130.63,11,1,4,1,0,0.4666,0,128.59,0,1,0,0.4666,0,128.59,0,0.13172,0.029032,0.13115,0.029146
1223,12,132.3,132.77,11,1,5,1,0,0.4666,0,128.59,0,1,0,0.4666,0,128.59,0,0.12834,0.033277,0.12756,0.032783
1223,12,132.9,134.43,11,1,6,1,0,1.5333,0,39.131,0,1,0,1.5333,0,39.131,0,0.11865,0.030135,0.11874,0.030588
1223,12,134.47,134.63,11,1,7,1,0,0.1666,0,360.14,0,1,0,0.1666,0,360.14,0,0.11942,0.030663,0.1197,0.03072
1223,12,180.8,181.3,18,1,8,1,0,0.5,0,120,0,0.66667,0.13333,0.33333,0.066667,120,120,0.095758,0.026875,0.094717,0.027627
1223,12,200.9,201.4,17,1,9,1,0,0.5,0,120,0,1,0,0.5,0,120,0,0.11347,0.022641,0.11745,0.022682
1223,12,201.57,202.03,17,1,10,1,0,0.4666,0,128.59,0,1,0,0.4666,0,128.59,0,0.080616,0.026133,0.080697,0.025822
1223,12,212.07,212.8,17,1,11,1,0,0.7333,0,81.822,0,1,0,0.7333,0,81.822,0,0.09888,0.032488,0.098079,0.031785
1223,12,213.1,213.57,17,1,12,1,0,0.4666,0,128.59,0,1,0,0.4666,0,128.59,0,0.10708,0.032851,0.10569,0.032977
1223,12,240.9,240.93,10,1,13,1,0,0.0333,0,1801.8,0,0,0,0,0,0,0,0.1207,0.02796,0.1207,0.02796
1223,12,241.8,241.97,10,1,14,1,0,0.1666,0,360.14,0,1,0,0.1666,0,360.14,0,0.16231,0.032225,0.15668,0.031824
1223,12,242.5,242.63,10,1,15,1,0,0.1333,0,450.11,0,0,0.74994,0,0.099967,0,450.11,0.14205,0.022072,0.14193,0.022092
1223,12,272.07,272.43,10,1,16,1,0,0.3666,0,163.67,0,1,0,0.3666,0,163.67,0,0.14376,0.03034,0.14341,0.030208
1223,12,276.07,276.17,10,1,17,0,0.667,0,0.066633,0,600.6,1,0,0.0999,0,600.6,0,0.11904,0.031915,0.11904,0.031915
1223,12,280.27,280.47,2,1,18,0,1,0,0.1999,0,300.15,0,1,0,0.1999,0,300.15,0.098094,0.042611,0.097253,0.042283
1223,12,321.27,323.93,20,1,19,1,0,2.6666,0,22.501,0,1,0,2.6666,0,22.501,0,0.19088,0.033431,0.19175,0.033861
1223,12,366.73,367.13,21,1,20,1,0,0.4,0,150,0,0.66675,0,0.2667,0,150,0,0.17145,0.026994,0.15722,0.026571
1223,12,375.47,375.57,21,1,21,1,0,0.0999,0,600.6,0,0,0,0,0,0,0,0.11774,0.032437,0.11774,0.032437
1223,12,380.3,380.4,21,1,22,1,0,0.1,0,600,0,1,0,0.1,0,600,0,0.15862,0.023829,0.15586,0.023803
1223,12,380.6,381.07,21,1,23,1,0,0.4666,0,128.59,0,1,0,0.4666,0,128.59,0,0.26008,0.0245,0.2794,0.024403
1223,12,381.1,381.8,21,1,24,1,0,0.7,0,85.714,0,1,0,0.7,0,85.714,0,0.28245,0.029251,0.27471,0.029196
1223,12,389.6,389.87,1,1,25,1,0,0.2666,0,225.06,0,0,1,0,0.2666,0,225.06,0.10344,0.03126,0.10392,0.031215
1223,12,389.97,390.2,1,1,26,1,0,0.2333,0,257.18,0,0,0,0,0,0,0,0.10039,0.031571,0.10078,0.03157
1223,12,397.93,398.47,21,1,27,1,0,0.5333,0,112.51,0,1,0,0.5333,0,112.51,0,0.13185,0.030647,0.13375,0.030296
1223,12,424,424.2,1,1,28,0,1,0,0.2,0,300,1,0,0.2,0,300,0,0.11822,0.039059,0.11625,0.039162
1223,12,430.03,430.3,1,1,29,1,0,0.2667,0,224.97,0,1,0,0.2667,0,224.97,0,0.20279,0.03824,0.19655,0.037126
1223,12,522.03,522.83,15,1,30,1,0,0.8,0,75,0,1,0,0.8,0,75,0,0.38245,0.04071,0.36944,0.040215
1223,12,524.63,525.3,15,1,31,1,0,0.6667,0,89.996,0,0.95,0,0.63337,0,89.996,0,0.53147,0.026361,0.51526,0.02645
1223,12,560.03,561.13,7,1,32,1,0,1.1,0,54.545,0,1,0,1.1,0,54.545,0,0.18903,0.019025,0.18493,0.018731
1223,12,563.27,563.3,7,1,33,1,0,0.0333,0,1801.8,0,1,0,0.0333,0,1801.8,0,0,0,0,0
1223,12,567.97,568.37,7,1,34,1,0,0.3999,0,150.04,0,1,0,0.3999,0,150.04,0,0.13408,0.029312,0.11244,0.029335
1223,12,615.7,616.7,4,1,35,1,0,1,0,60,0,1,0,1,0,60,0,0.17463,0.025425,0.14907,0.02473
1224,12,37.5,38.033,21,1,1,0.93756,0,0.5,0,112.51,0,1,0,0.5333,0,112.51,0,0.2602,0.019319,0.2566,0.018494
1224,12,84.333,84.433,5,1,2,0.33367,0,0.033367,0,600,0,0,0,0,0,0,0,0.073627,0.01711,0.064697,0.017176
1224,12,99.433,99.8,7,1,3,1,0,0.3667,0,163.62,0,1,0,0.3667,0,163.62,0,0.089041,0.035156,0.082292,0.035156
1224,12,106.2,106.27,22,1,4,0,0,0,0,0,0,0,0,0,0,0,0,0.13973,0.049624,0.13973,0.049624
1224,12,110,110.53,7,1,5,0.31252,0,0.16667,0,112.51,0,0,0.24995,0,0.1333,0,112.51,0.13939,0.023629,0.14962,0.023562
1224,12,110.73,110.83,7,1,6,0,0,0,0,0,0,0,0.33333,0,0.016667,0,1200,0.075182,0.017894,0.075208,0.017587
1224,12,114.57,114.77,15,1,7,1,0,0.1999,0,300.15,0,0,0,0,0,0,0,0.099139,0.038796,0.10044,0.03875
1224,12,115.33,115.43,15,1,8,1,0,0.1,0,600,0,0,0,0,0,0,0,0.21785,0.01116,0.23182,0.011021
1224,12,116.4,116.47,15,1,9,1,0,0.0666,0,900.9,0,1,0,0.0666,0,900.9,0,0.21827,0.024275,0.21827,0.024275
1224,12,117.8,119.13,15,1,10,0.97502,0,1.3,0,45.001,0,1,0,1.3333,0,45.001,0,0.16011,0.030497,0.1572,0.030464
1224,12,119.73,120.17,15,1,11,0.84607,7.6929e-05,0.3666,3.3333e-05,138.47,138.47,1,0,0.4333,0,138.47,0,0.13162,0.022322,0.12775,0.022517
1224,12,120.67,120.7,15,1,12,1,0,0.0333,0,1801.8,0,1,0,0.0333,0,1801.8,0,0,0,0,0
1224,12,121.07,121.93,15,1,13,1,0,0.8666,0,69.236,0,1,0,0.8666,0,69.236,0,0.23842,0.023762,0.27799,0.024189
1224,12,125.4,130.43,15,1,14,1,0,5.0333,0,11.921,0,1,0,5.0333,0,11.921,0,0.29941,0.01504,0.31262,0.013981
1224,12,130.57,134.7,15,1,15,1,0,4.1333,0,14.516,0,1,0,4.1333,0,14.516,0,0.3561,0.017378,0.36724,0.015089
1224,12,134.73,135.1,15,1,16,0,0,0,0,0,0,1,0,0.3667,0,163.62,0,0.27959,0.024508,0.31992,0.026178
1224,12,135.57,135.97,15,1,17,0.16654,0,0.0666,0,150.04,0,1,0,0.3999,0,150.04,0,0.13173,0.024095,0.13863,0.023403
1224,12,136.3,136.43,15,1,18,1,0,0.1333,0,450.11,0,1,0,0.1333,0,450.11,0,0.088351,0.023263,0.08786,0.022335
1224,12,157.07,157.37,10,1,19,1,0,0.2999,0,200.07,0,1,0,0.2999,0,200.07,0,0.13436,0.024063,0.14186,0.024018
1224,12,157.63,158.07,10,1,20,1,0,0.4333,0,138.47,0,1,0,0.4333,0,138.47,0,0.17116,0.032842,0.16133,0.033804
1224,12,165.07,165.57,10,1,21,0,0,0,0,0,0,0,1,0,0.4999,0,120.02,0.27422,0.047776,0.27896,0.047753
1224,12,165.63,166.07,23,1,22,0.61528,0,0.2666,0,138.47,0,1,0,0.4333,0,138.47,0,0.28609,0.045209,0.2949,0.044538
1224,12,166.1,166.3,23,1,23,1,0,0.2,0,300,0,1,0,0.2,0,300,0,0.26559,0.041186,0.2639,0.041029
1224,12,167.37,167.4,10,1,24,0,0,0,0,0,0,0,1,0,0.0333,0,1801.8,0,0,0,0
1224,12,194.07,195.77,24,1,25,1,0,1.6999,0,35.296,0,0.86278,0.11761,1.4666,0.19993,35.296,35.296,0.096057,0.021591,0.091009,0.020788
1224,12,225.2,226.4,17,1,26,0.25,0,0.15,0,100,0,1,0,1.2,0,50,0,0.13895,0.037388,0.13572,0.037248
1224,12,227.2,227.27,17,1,27,1,0,0.0666,0,900.9,0,1,0,0.0666,0,900.9,0,0.10117,0.028127,0.10117,0.028127
1224,12,233.2,233.23,17,1,28,1,0,0.0333,0,1801.8,0,1,0,0.0333,0,1801.8,0,0.12186,0.032642,0.12186,0.032642
1224,12,233.93,234.13,17,1,29,1,0,0.2,0,300,0,0.1665,0,0.0333,0,300,0,0.11722,0.036638,0.1198,0.036585
1224,12,246.83,246.93,17,1,30,1,0,0.1,0,600,0,0,0,0,0,0,0,0.067202,0.027414,0.067012,0.028108
1224,12,259.5,259.6,17,1,31,0,0,0,0,0,0,0,0,0,0,600,600,0.10359,0.034231,0.10331,0.033698
1224,12,337.7,338.13,13,1,32,0,0,0,0,0,0,0,0,0,0,0,0,0.065733,0,0.059746,0
1224,12,353.97,354.13,20,1,33,0,0,0,0,0,0,1,0,0.1666,0,360.14,0,0.063469,0.021135,0.064609,0.020769
1224,12,366.67,367.13,13,1,34,0.5,0,0.2333,0,128.59,0,1,0,0.4666,0,128.59,0,0.081882,0.021783,0.071686,0.022326
1224,12,432.93,433.27,1,1,35,0,0,0,0,0,0,1,0,0.3333,0,180.02,0,0.23272,0.034136,0.2487,0.033181
1224,12,438.4,438.7,1,1,36,0,1,0,0.3,0,200,1,0,0.3,0,200,0,0.14453,0.021636,0.14012,0.022012
1224,12,440.27,440.93,1,1,37,0.34998,0.55001,0.2333,0.36663,90.009,90.009,1,0,0.6666,0,90.009,0,0.21164,0.027283,0.20435,0.027409
1224,12,440.97,441.13,1,1,38,1,0,0.1666,0,360.14,0,1,0,0.1666,0,360.14,0,0.28445,0.10039,0.28153,0.097762
1224,12,472.37,472.87,15,1,39,1,0,0.4999,0,120.02,0,0.33333,0.59999,0.16663,0.29993,120.02,120.02,0.35515,0.045894,0.35544,0.045065
1224,12,485.37,485.43,1,1,40,0,0,0,0,0,0,0,1,0,0.0666,0,900.9,0.16937,0.039738,0.16937,0.039738
1225,12,183.77,183.8,13,1,1,1,0,0.0333,0,1801.8,0,1,0,0.0333,0,1801.8,0,0,0,0,0
1225,12,183.83,183.93,13,1,2,1,0,0.1,0,600,0,1,0,0.1,0,600,0,0.12915,0.035255,0.13046,0.034458
1225,12,273.5,273.63,10,2,3,1,0,0.1333,0,450.11,0,1,0,0.1333,0,450.11,0,0.10983,0.030719,0.1098,0.030371
1225,12,294.77,295.93,24,2,4,1,0,1.1666,0,51.432,0,1,0,1.1666,0,51.432,0,0.14353,0.022914,0.1396,0.023622
1225,12,328.83,330.03,2,2,5,0.80553,0,0.96663,0,50,0,1,0,1.2,0,50,0,0.40602,0.025529,0.40094,0.023652
1225,12,330.93,332.13,2,2,6,1,0,1.2,0,50,0,1,0,1.2,0,50,0,0.31398,0.037122,0.31686,0.038699
1225,12,332.4,332.7,2,2,7,1,0,0.3,0,200,0,1,0,0.3,0,200,0,0.32481,0.016529,0.32474,0.016482
1225,12,370.5,371.5,2,2,8,1,0,1,0,60,0,1,0,1,0,60,0,0.22596,0.026292,0.24623,0.025407
1225,12,401.07,401.23,1,2,9,1,0,0.1666,0,360.14,0,1,0,0.1666,0,360.14,0,0.14284,0.027394,0.14273,0.027378
1225,12,401.27,402.33,1,2,10,1,0,1.0666,0,56.254,0,1,0,1.0666,0,56.254,0,0.20723,0.02642,0.19927,0.025922
1225,12,415.27,416.13,1,2,11,1,0,0.8666,0,69.236,0,1,0,0.8666,0,69.236,0,0.23515,0.041456,0.23275,0.040152
1225,12,416.3,416.4,1,2,12,1,0,0.1,0,600,0,1,0,0.1,0,600,0,0.23741,0.049249,0.23789,0.050392
1225,12,417,417.3,1,2,13,1,0,0.3,0,200,0,1,0,0.3,0,200,0,0.17056,0.03413,0.17035,0.033683
1225,12,418,418.1,1,2,14,1,0,0.1,0,600,0,1,0,0.1,0,600,0,0.34476,0.03918,0.34023,0.039429
1225,12,517.1,517.27,17,2,15,1,0,0.1666,0,360.14,0,1,0,0.1666,0,360.14,0,0.12535,0.035001,0.12828,0.034956
1225,12,517.47,517.5,17,2,16,1,0,0.0333,0,1801.8,0,1,0,0.0333,0,1801.8,0,0,0,0,0
1225,12,536.43,536.73,21,2,17,1,0,0.3,0,200,0,1,0,0.3,0,200,0,0.12073,0.027582,0.12432,0.028413
1225,12,536.8,540,21,2,18,1,0,3.2,0,18.75,0,1,0,3.2,0,18.75,0,0.24306,0.029817,0.2344,0.029216
1225,12,550.5,552.17,21,2,19,1,0,1.6666,0,36.001,0,1,0,1.6666,0,36.001,0,0.3036,0.040372,0.30278,0.041344
1225,12,552.7,552.93,21,2,20,1,0,0.2333,0,257.18,0,1,0,0.2333,0,257.18,0,0.18435,0.036415,0.19723,0.03745
1225,12,554.17,554.2,21,2,21,1,0,0.0333,0,1801.8,0,1,0,0.0333,0,1801.8,0,0,0,0,0
1225,12,580.07,580.53,21,2,22,1,0,0.4666,0,128.59,0,1,0,0.4666,0,128.59,0,0.28764,0.031536,0.28951,0.031568
1225,12,580.87,586.47,21,2,23,1,0,5.5999,0,10.714,0,1,0,5.5999,0,10.714,0,0.28389,0.030054,0.24693,0.028163
1225,12,586.67,588.6,21,2,24,1,0,1.9333,0,31.035,0,1,0,1.9333,0,31.035,0,0.27165,0.029256,0.25006,0.029097
1225,12,604.37,605.17,21,2,25,0.62504,0,0.49997,0,75.009,0,0.70834,0.29166,0.5666,0.2333,75.009,75.009,0.32525,0.03422,0.29688,0.03335
1225,12,605.27,605.57,21,2,26,0,0,0,0,0,0,1,0,0.2999,0,200.07,0,0.20608,0.036604,0.20897,0.036477
1225,12,605.67,605.9,21,2,27,0.57151,0,0.13333,0,257.18,0,1,0,0.2333,0,257.18,0,0.17983,0.037245,0.18605,0.037408
1225,12,606.07,606.27,21,2,28,1,0,0.1999,0,300.15,0,1,0,0.1999,0,300.15,0,0.171,0.03752,0.18029,0.037866
1225,12,606.37,609.57,21,2,29,0.95835,0.010396,3.0666,0.033267,18.751,18.751,0.96877,0,3.1,0,18.751,0,0.2339,0.040354,0.24121,0.039037
1226,12,32.9,32.933,11,1,1,1,0,0.0333,0,1801.8,0,1,0,0.0333,0,1801.8,0,0.095449,0,0.095449,0
1226,12,57.633,58.5,9,1,2,0.76924,0.11538,0.6667,0.1,69.228,69.228,1,0,0.8667,0,69.228,0,0.13827,0.045405,0.13613,0.048945
1226,12,121.8,127.3,15,1,3,1,0,5.5,0,10.909,0,0.92727,0,5.1,0,10.909,0,0.58303,0.024306,0.57065,0.023571
1226,12,128.57,128.93,15,1,4,1,0,0.3666,0,163.67,0,0.090835,0,0.0333,0,163.67,0,0.52097,0.039709,0.52001,0.039359
1226,12,128.97,129.17,15,1,5,1,0,0.1999,0,300.15,0,0,0,0,0,0,0,0.57144,0.035951,0.56876,0.03617
1226,12,147.53,147.77,15,1,6,1,0,0.2333,0,257.18,0,1,0,0.2333,0,257.18,0,0.22651,0.040109,0.23017,0.039006
1226,12,179.77,180.2,17,1,7,1,0,0.4333,0,138.47,0,0,0,0,0,0,0,0.13991,0.064585,0.13812,0.065318
1226,12,180.27,180.3,17,1,8,1,0,0.0333,0,1801.8,0,1,0,0.0333,0,1801.8,0,0,0,0,0
1226,12,180.5,180.93,17,1,9,1,0,0.4333,0,138.47,0,1,0,0.4333,0,138.47,0,0.2085,0.064835,0.20919,0.065248
1226,12,190.33,191.47,17,1,10,1,0,1.1333,0,52.943,0,1,0,1.1333,0,52.943,0,0.19793,0.097334,0.19698,0.093222
1226,12,192.03,192.67,17,1,11,1,0,0.6333,0,94.742,0,1,0,0.6333,0,94.742,0,0.18884,0.093655,0.1875,0.089015
1226,12,194.37,194.43,17,1,12,0,0,0,0,0,0,1,0,0.0666,0,900.9,0,0.084219,0.021828,0.084219,0.021828
1226,12,212.83,213.5,18,1,13,1,0,0.6667,0,89.996,0,0,1,0,0.6667,0,89.996,0.26415,0.044191,0.25203,0.043936
1226,12,361.6,362.2,1,2,14,0.77778,0.11111,0.46667,0.066667,100,100,0.88889,0.11111,0.53333,0.066667,100,100,0.20791,0.04714,0.2029,0.051727
1226,12,362.23,362.3,1,2,15,1,0,0.0667,0,899.55,0,0,1,0,0.0667,0,899.55,0.19106,0.05988,0.19106,0.05988
1226,12,444.9,445.47,21,2,16,0.47053,0.11766,0.2666,0.066667,105.89,105.89,0.05883,0,0.033333,0,105.89,0,0.21422,0.045467,0.22495,0.044005
1226,12,448.1,448.4,21,2,17,1,0,0.3,0,200,0,0.55556,0,0.16667,0,200,0,0.13381,0.061241,0.13346,0.061186
1226,12,537.1,537.17,7,2,18,1,0,0.0666,0,900.9,0,1,0,0.0666,0,900.9,0,0.12787,0.052411,0.12787,0.052411
1226,12,537.37,537.53,7,2,19,1,0,0.1666,0,360.14,0,1,0,0.1666,0,360.14,0,0.13467,0.045005,0.13291,0.044931
1226,12,537.63,537.87,7,2,20,1,0,0.2333,0,257.18,0,1,0,0.2333,0,257.18,0,0.20654,0.042034,0.20947,0.040476
1226,12,579.93,581.73,6,2,21,1,0,1.8,0,33.333,0,1,0,1.8,0,33.333,0,0.26937,0.050983,0.26162,0.050248
1226,12,582.57,584.27,6,2,22,1,0,1.6999,0,35.296,0,1,0,1.6999,0,35.296,0,0.2328,0.032816,0.23364,0.033126
1226,12,603.33,604.13,12,2,23,1,0,0.8,0,75,0,0.87504,0,0.70003,0,75,0,0.093047,0.032937,0.09061,0.033158
1226,12,604.87,605.4,12,2,24,1,0,0.5333,0,112.51,0,1,0,0.5333,0,112.51,0,0.12026,0.031948,0.1219,0.032118
1226,12,654.7,654.9,20,2,25,1,0,0.2,0,300,0,1,0,0.2,0,300,0,0.17084,0.042274,0.16451,0.04383
1226,12,654.97,655.23,20,2,26,0.12491,0.5,0.0333,0.1333,225.06,225.06,1,0,0.2666,0,225.06,0,0.19676,0.043352,0.1993,0.047101
1226,12,659.07,659.47,3,2,27,1,0,0.3999,0,150.04,0,1,0,0.3999,0,150.04,0,0.34579,0.071147,0.32793,0.020257
1226,12,659.67,659.7,3,2,28,1,0,0.0333,0,1801.8,0,1,0,0.0333,0,1801.8,0,0,0,0,0
1226,12,669.8,670.23,13,2,29,1,0,0.4333,0,138.47,0,1,0,0.4333,0,138.47,0,0.36741,0.041875,0.37186,0.041835
1226,12,714.07,714.5,3,2,30,1,0,0.4333,0,138.47,0,1,0,0.4333,0,138.47,0,0.17214,0.036186,0.17487,0.035332
1226,12,717.8,719.47,20,2,31,0.60002,0.25997,0.5,0.21663,72.003,72.003,1,0,1.6666,0,36.001,0,0.29449,0.055121,0.30594,0.053609
1226,12,721.97,722.23,20,2,32,0,1,0,0.2666,0,225.06,0,0,0,0,0,0,0.22774,0.0857,0.22115,0.086408
1227,12,67.933,68,21,1,1,1,0,0.0667,0,899.55,0,1,0,0.0667,0,899.55,0,0.062734,0.027071,0.062734,0.027071
1227,12,70.833,70.9,21,1,2,1,0,0.0667,0,899.55,0,1,0,0.0667,0,899.55,0,0.12959,0.031017,0.12959,0.031017
1227,12,73.5,75.033,21,1,3,0.63045,0.32607,0.96667,0.49997,39.131,39.131,0.78263,0,1.2,0,39.131,0,0.13498,0.030288,0.14292,0.029968
1227,12,359.6,359.7,1,2,4,1,0,0.1,0,600,0,1,0,0.1,0,600,0,0.062594,0.015299,0.063158,0.015698
1227,12,359.93,360.2,1,2,5,1,0,0.2667,0,224.97,0,1,0,0.2667,0,224.97,0,0.067687,0.019929,0.0677,0.018408
1227,12,392.03,393.07,1,2,6,1,0,1.0333,0,58.066,0,0.54844,0.25801,0.5667,0.2666,58.066,58.066,0.065722,0.010644,0.063408,0.0083789
1227,12,393.1,393.53,1,2,7,1,0,0.4333,0,138.47,0,0.30764,0.46157,0.1333,0.2,138.47,138.47,0.066834,0.016242,0.066074,0.01641
1228,12,60.1,61,10,1,1,1,0,0.9,0,66.667,0,1,0,0.9,0,66.667,0,0.14056,0.05156,0.13939,0.052574
1228,12,64.5,65.433,10,1,2,1,0,0.9333,0,64.288,0,1,0,0.9333,0,64.288,0,0.1813,0.054962,0.18239,0.055606
1228,12,65.467,65.5,10,1,3,1,0,0.0333,0,1801.8,0,1,0,0.0333,0,1801.8,0,0,0,0,0
1228,12,65.533,65.567,10,1,4,1,0,0.0333,0,1801.8,0,1,0,0.0333,0,1801.8,0,0.091094,0.054325,0.091094,0.054325
1228,12,66.033,66.267,10,1,5,0.2859,0.14259,0.0667,0.033267,257.18,257.18,1,0,0.2333,0,257.18,0,0.12877,0.047276,0.13135,0.046926
1228,12,67,67.033,10,1,6,0,0,0,0,0,0,1,0,0.0333,0,1801.8,0,0.10546,0.04747,0.10546,0.04747
1228,12,67.067,67.167,10,1,7,1,0,0.0999,0,600.6,0,1,0,0.0999,0,600.6,0,0.1156,0.052617,0.1156,0.052617
1228,12,67.367,67.7,10,1,8,1,0,0.3333,0,180.02,0,1,0,0.3333,0,180.02,0,0.19688,0.051059,0.20665,0.050323
1228,12,69.933,70.433,10,1,9,1,0,0.5,0,120,0,0.80007,0,0.40003,0,120,0,0.14098,0.049236,0.13743,0.049923
1228,12,71.1,71.667,10,1,10,1,0,0.5666,0,105.89,0,0,1,0,0.5666,0,105.89,0.14248,0.064746,0.145,0.064979
1228,12,77.033,77.1,10,1,11,1,0,0.0667,0,899.55,0,1,0,0.0667,0,899.55,0,0.12287,0.048115,0.12287,0.048115
1228,12,78.2,78.267,10,1,12,1,0,0.0666,0,900.9,0,1,0,0.0666,0,900.9,0,0.2001,0.047653,0.2001,0.047653
1228,12,80.533,81.467,10,1,13,0.50005,0.46423,0.4667,0.43327,64.288,64.288,1,0,0.9333,0,64.288,0,0.1654,0.05423,0.16919,0.051509
1228,12,82.1,82.267,10,1,14,0,1,0,0.1666,0,360.14,0,1,0,0.1666,0,360.14,0.11865,0.051871,0.11984,0.051494
1228,12,138.6,138.9,8,1,15,0,1,0,0.3,0,200,1,0,0.3,0,200,0,0.10324,0.044781,0.097217,0.044302
1228,12,140.6,141.97,8,1,16,1,0,1.3666,0,43.905,0,0.90248,0,1.2333,0,43.905,0,0.19996,0.030585,0.19,0.031411
1228,12,217.77,217.9,12,1,17,1,0,0.1333,0,450.11,0,1,0,0.1333,0,450.11,0,0.13794,0.04665,0.13781,0.046364
1228,12,218.4,218.63,12,1,18,0.71439,0,0.16667,0,257.18,0,1,0,0.2333,0,257.18,0,0.16435,0.040891,0.17137,0.042219
1228,12,252.8,253.87,15,1,19,1,0,1.0666,0,56.254,0,1,0,1.0666,0,56.254,0,0.31764,0.039496,0.31962,0.03911
1228,12,268.27,269.37,15,1,20,0.3333,0.60609,0.3666,0.66663,54.55,54.55,1,0,1.0999,0,54.55,0,0.34101,0.039881,0.35234,0.040374
1230,12,70.567,70.6,6,1,1,1,0,0.0333,0,1801.8,0,1,0,0.0333,0,1801.8,0,0,0,0,0
1230,12,70.633,70.667,6,1,2,1,0,0.0333,0,1801.8,0,1,0,0.0333,0,1801.8,0,0.12086,0.040651,0.12086,0.040651
1230,12,87.833,88.133,21,1,3,1,0,0.3,0,200,0,1,0,0.3,0,200,0,0.098339,0.038611,0.098691,0.038774
1230,12,88.267,88.667,21,1,4,1,0,0.3999,0,150.04,0,1,0,0.3999,0,150.04,0,0.10928,0.033722,0.11077,0.033416
1230,12,88.833,88.867,21,1,5,1,0,0.0333,0,1801.8,0,1,0,0.0333,0,1801.8,0,0.081146,0.033946,0.081146,0.033946
1230,12,88.967,89.533,21,1,6,1,0,0.5666,0,105.89,0,1,0,0.5666,0,105.89,0,0.11887,0.036993,0.11872,0.037812
1230,12,90.533,90.8,21,1,7,0.37508,0,0.10003,0,224.97,0,0,1,0,0.2667,0,224.97,0.19684,0.033191,0.18399,0.032299
1230,12,90.967,91.133,21,1,8,0,0,0,0,0,0,0,1,0,0.1666,0,360.14,0.17881,0.035436,0.17841,0.035582
1230,12,102.43,102.6,16,1,9,0,0,0,0,0,0,1,0,0.1667,0,359.93,0,0.071938,0.012144,0.06832,0.011955
1230,12,102.8,102.83,16,1,10,0,0,0,0,0,0,1,0,0.0333,0,1801.8,0,0.051898,0,0.051898,0
1230,12,104.47,105.23,16,1,11,0.34781,0,0.26663,0,78.268,0,0.56522,0,0.4333,0,78.268,0,0.21507,0.030556,0.23503,0.030981
1230,12,105.27,105.43,16,1,12,1,0,0.1666,0,360.14,0,1,0,0.1666,0,360.14,0,0.097931,0.027971,0.09707,0.027802
1230,12,105.57,105.87,16,1,13,1,0,0.2999,0,200.07,0,1,0,0.2999,0,200.07,0,0.16469,0.033127,0.16597,0.032647
1230,12,105.9,105.97,16,1,14,1,0,0.0666,0,900.9,0,1,0,0.0666,0,900.9,0,0.13745,0.030909,0.13745,0.030909
1230,12,150.27,150.43,4,1,15,1,0,0.1666,0,360.14,0,1,0,0.1666,0,360.14,0,0.15673,0.042443,0.15501,0.043002
1230,12,150.67,150.8,4,1,16,1,0,0.1333,0,450.11,0,1,0,0.1333,0,450.11,0,0.22381,0.035433,0.22432,0.0352
1230,12,151.03,151.1,4,1,17,1,0,0.0667,0,899.55,0,1,0,0.0667,0,899.55,0,0.1512,0.045447,0.1512,0.045447
1230,12,152,152.1,4,1,18,1,0,0.1,0,600,0,1,0,0.1,0,600,0,0.12825,0.048482,0.12915,0.048171
1230,12,152.57,152.67,4,1,19,1,0,0.0999,0,600.6,0,1,0,0.0999,0,600.6,0,0.18647,0.045353,0.18647,0.045353
1230,12,176.77,177.07,22,1,20,0,0,0,0,0,0,0,0,0,0,0,0,0.11755,0.047556,0.11778,0.048054
1230,12,203.97,204.27,8,1,21,1,0,0.2999,0,200.07,0,1,0,0.2999,0,200.07,0,0.085581,0.031159,0.084168,0.031012
1230,12,204.97,205.1,8,1,22,1,0,0.1333,0,450.11,0,1,0,0.1333,0,450.11,0,0.081428,0.031655,0.082282,0.031338
1230,12,281.3,281.5,17,2,23,0.66667,0,0.13333,0,300,0,1,0,0.2,0,300,0,0.094615,0.031171,0.094629,0.031282
1230,12,281.53,281.87,17,2,24,0.90019,0,0.30003,0,180.02,0,1,0,0.3333,0,180.02,0,0.085179,0.030881,0.085763,0.030825
1230,12,294.6,294.67,17,2,25,0,1,0,0.0666,0,900.9,1,0,0.0666,0,900.9,0,0.075462,0.031568,0.075462,0.031568
1230,12,294.7,294.77,17,2,26,0,1,0,0.0666,0,900.9,1,0,0.0666,0,900.9,0,0.083271,0.031613,0.083271,0.031613
1230,12,329.37,329.53,8,2,27,1,0,0.1666,0,360.14,0,0,1,0,0.1666,0,360.14,0.16518,0.050322,0.16278,0.050192
1230,12,341.63,341.8,17,2,28,1,0,0.1667,0,359.93,0,1,0,0.1667,0,359.93,0,0.10055,0.033351,0.10036,0.033996
1230,12,341.97,342.13,17,2,29,1,0,0.1666,0,360.14,0,1,0,0.1666,0,360.14,0,0.11851,0.036083,0.11953,0.036059
1230,12,342.17,342.23,17,2,30,1,0,0.0666,0,900.9,0,1,0,0.0666,0,900.9,0,0.11197,0.040116,0.11197,0.040116
1230,12,412.73,413.47,8,2,31,0,1,0,0.7333,0,81.822,0,1,0,0.7333,0,81.822,0.10774,0.021252,0.10664,0.017222
1230,12,428.97,429.3,22,2,32,0,1,0,0.3333,0,180.02,0,1,0,0.3333,0,180.02,0.12208,0.043166,0.12206,0.042755
1230,12,435.27,436,17,2,33,1,0,0.7333,0,81.822,0,0.77272,0.090913,0.56663,0.066667,81.822,81.822,0.15752,0.034596,0.15662,0.035965
1231,12,49.3,49.433,12,1,1,1,0,0.1333,0,450.11,0,0,0,0,0,0,0,0.14769,0.033282,0.15173,0.033362
1231,12,64.8,65.467,11,1,2,1,0,0.6666,0,90.009,0,0,0,0,0,0,0,0.12119,0.029288,0.11993,0.028575
1231,12,65.5,65.667,11,1,3,1,0,0.1666,0,360.14,0,1,0,0.1666,0,360.14,0,0.0929,0.031479,0.093125,0.031329
1231,12,65.7,65.733,11,1,4,0,0,0,0,0,0,1,0,0.0333,0,1801.8,0,0.093372,0.032068,0.093372,0.032068
1231,12,84.267,84.4,21,1,5,1,0,0.1333,0,450.11,0,0,0,0,0,0,0,0.09671,0.024969,0.096875,0.025
1231,12,84.6,84.633,21,1,6,1,0,0.0333,0,1801.8,0,0,0,0,0,0,0,0.092139,0.023307,0.092139,0.023307
1231,12,85.233,85.7,21,1,7,1,0,0.4667,0,128.56,0,0.50004,0,0.23337,0,128.56,0,0.10717,0.025078,0.10861,0.025307
1231,12,86.2,86.6,21,1,8,1,0,0.4,0,150,0,0.16667,0,0.066667,0,150,0,0.10187,0.022295,0.1025,0.022507
1231,12,87.1,87.2,21,1,9,1,0,0.1,0,600,0,1,0,0.1,0,600,0,0.14688,0.031429,0.14688,0.031596
1231,12,91.9,91.933,11,1,10,1,0,0.0333,0,1801.8,0,0,1,0,0.0333,0,1801.8,0.14809,0.043139,0.14809,0.043139
1231,12,91.967,92.267,11,1,11,0.55563,0,0.16663,0,200.07,0,0,1,0,0.2999,0,200.07,0.17576,0.042268,0.17895,0.041752
1231,12,105.07,105.27,16,1,12,1,0,0.1999,0,300.15,0,0,0,0,0,0,0,0.15637,0.027063,0.16396,0.026899
1231,12,122.73,123.07,22,1,13,1,0,0.3333,0,180.02,0,1,0,0.3333,0,180.02,0,0.14564,0.063551,0.14768,0.064353
1231,12,124.77,124.8,22,1,14,1,0,0.0333,0,1801.8,0,0,0,0,0,0,0,0,0,0,0
1231,12,133.27,133.4,10,1,15,1,0,0.1333,0,450.11,0,0,1,0,0.1333,0,450.11,0.16565,0.051566,0.1669,0.052096
1231,12,380.7,381.4,17,2,16,1,0,0.7,0,85.714,0,1,0,0.7,0,85.714,0,0.18438,0.066773,0.18066,0.067353
1231,12,381.8,382.33,17,2,17,1,0,0.5333,0,112.51,0,1,0,0.5333,0,112.51,0,0.19609,0.069763,0.20048,0.069218
1231,12,382.93,383.17,17,2,18,1,0,0.2333,0,257.18,0,1,0,0.2333,0,257.18,0,0.1692,0.066359,0.16922,0.064735
1231,12,383.2,383.87,17,2,19,1,0,0.6666,0,90.009,0,1,0,0.6666,0,90.009,0,0.20919,0.070442,0.21123,0.072893
1231,12,384.13,384.87,17,2,20,1,0,0.7333,0,81.822,0,1,0,0.7333,0,81.822,0,0.19889,0.065849,0.19872,0.066807
1231,12,393.7,394.27,17,2,21,0.58819,0,0.33327,0,105.89,0,1,0,0.5666,0,105.89,0,0.13051,0.017003,0.124,0.017012
1231,12,407.27,407.37,17,2,22,1,0,0.0999,0,600.6,0,1,0,0.0999,0,600.6,0,0.10664,0.036361,0.10664,0.036361
1231,12,407.4,408.1,17,2,23,1,0,0.7,0,85.714,0,1,0,0.7,0,85.714,0,0.17351,0.035862,0.16671,0.035391
1231,12,428.87,429.07,15,2,24,1,0,0.1999,0,300.15,0,0,0,0,0,0,0,0.33952,0.024793,0.3307,0.024309
1231,12,429.23,430,15,2,25,1,0,0.7667,0,78.257,0,0.60867,0,0.46667,0,78.257,0,0.32742,0.027009,0.3304,0.027194
1231,12,430.33,431.53,15,2,26,1,0,1.2,0,50,0,1,0,1.2,0,50,0,0.39862,0.018755,0.39008,0.018523
1231,12,447,447.53,24,2,27,1,0,0.5333,0,112.51,0,0.56247,0,0.29997,0,112.51,0,0.14387,0.039257,0.14457,0.038184
1231,12,454.73,456.03,8,2,28,1,0,1.3,0,46.154,0,1,0,1.3,0,46.154,0,0.19176,0.03376,0.1897,0.034899
1231,12,457.6,458.07,8,2,29,1,0,0.4666,0,128.59,0,1,0,0.4666,0,128.59,0,0.19865,0.026021,0.19067,0.026085
1231,12,459.03,459.17,8,2,30,1,0,0.1333,0,450.11,0,1,0,0.1333,0,450.11,0,0.26006,0.041478,0.26228,0.041767
1231,12,469.37,470.7,22,2,31,1,0,1.3333,0,45.001,0,1,0,1.3333,0,45.001,0,0.080922,0.022566,0.076149,0.022402
1231,12,471.03,471.2,22,2,32,1,0,0.1667,0,359.93,0,1,0,0.1667,0,359.93,0,0.065906,0.024589,0.066094,0.024723
1231,12,488.93,488.97,22,2,33,1,0,0.0333,0,1801.8,0,1,0,0.0333,0,1801.8,0,0.076693,0.028715,0.076693,0.028715
1231,12,489.23,489.3,22,2,34,1,0,0.0667,0,899.55,0,1,0,0.0667,0,899.55,0,0.10445,0.028968,0.10445,0.028968
1231,12,489.67,490.97,22,2,35,1,0,1.2999,0,46.157,0,0.53848,0,0.69997,0,46.157,0,0.081637,0.028075,0.080781,0.027973
1231,12,523,523.13,11,2,36,1,0,0.1333,0,450.11,0,1,0,0.1333,0,450.11,0,0.089041,0.011808,0.09028,0.01113
1231,12,532.2,534.77,3,2,37,1,0,2.5666,0,23.377,0,1,0,2.5666,0,23.377,0,0.11265,0.028456,0.10355,0.028274
1231,12,534.83,534.97,3,2,38,1,0,0.1333,0,450.11,0,0.75044,0,0.10003,0,450.11,0,0.21824,0.03032,0.20933,0.029881
1231,12,535,536.07,3,2,39,1,0,1.0666,0,56.254,0,0,0,0,0,0,0,0.23354,0.030452,0.22481,0.030255
1231,12,547.53,548.47,10,2,40,0.99996,0,0.93327,0,64.288,0,1,0,0.9333,0,64.288,0,0.19593,0.032865,0.1946,0.03135
1231,12,598.87,598.93,8,2,41,0,0,0,0,0,0,1,0,0.0666,0,900.9,0,0.12362,0.046484,0.12362,0.046484
1232,12,161.73,161.8,19,2,1,1,0,0.0667,0,899.55,0,0,0,0,0,0,0,0.25471,0.029703,0.25471,0.029703
1232,12,162.67,162.77,19,2,2,1,0,0.0999,0,600.6,0,1,0,0.0999,0,600.6,0,0.26329,0.03654,0.26329,0.03654
1232,12,163.33,163.4,19,2,3,1,0,0.0667,0,899.55,0,1,0,0.0667,0,899.55,0,0.17245,0.036341,0.17245,0.036341
1232,12,455.23,455.53,4,3,4,1,0,0.3,0,200,0,0.77789,0,0.23337,0,200,0,0.35937,0.027202,0.42235,0.027241
1232,12,455.57,455.63,4,3,5,1,0,0.0666,0,900.9,0,0,0,0,0,0,0,0.39352,0.026013,0.39352,0.026013
1232,12,456,456.33,4,3,6,0,0,0,0,180.02,0,0,0,0,0,0,0,0.33216,0.026932,0.3372,0.025924
1232,12,456.37,456.4,4,3,7,0,0,0,0,0,0,0,0,0,0,0,0,0,0,0,0
1232,12,472.9,472.97,4,3,8,0,0,0,0,0,0,0,0,0,0,0,0,0.12457,0.037342,0.12457,0.037342
1233,12,32.367,32.633,17,1,1,1,0,0.2666,0,225.06,0,0,0,0,0,0,0,0.074742,0.021392,0.078385,0.022292
1233,12,51.133,51.233,21,1,2,1,0,0.1,0,600,0,1,0,0.1,0,600,0,0.075205,0.016811,0.074867,0.016396
1233,12,51.367,51.4,21,1,3,1,0,0.0333,0,1801.8,0,1,0,0.0333,0,1801.8,0,0,0,0,0
1233,12,51.5,51.7,21,1,4,1,0,0.2,0,300,0,0.5,0,0.1,0,300,0,0.081541,0.019664,0.081348,0.019713
1233,12,51.8,52.167,21,1,5,1,0,0.3666,0,163.67,0,0,0,0,0,0,0,0.10491,0.01828,0.10979,0.01873
1233,12,54.667,54.733,21,1,6,1,0,0.0666,0,900.9,0,1,0,0.0666,0,900.9,0,0.14565,0.017643,0.14565,0.017643
1233,12,69.7,69.733,21,1,7,1,0,0.0333,0,1801.8,0,1,0,0.0333,0,1801.8,0,0.10719,0.016946,0.10719,0.016946
1233,12,77.333,77.833,15,1,8,1,0,0.5,0,120,0,1,0,0.5,0,120,0,0.079768,0.015888,0.080892,0.015264
1233,12,81.067,81.1,15,1,9,1,0,0.0333,0,1801.8,0,1,0,0.0333,0,1801.8,0,0,0,0,0
1233,12,93.633,95.2,15,1,10,1,0,1.5667,0,38.297,0,0.042574,0,0.0667,0,38.297,0,0.2374,0.023834,0.22327,0.026211
1233,12,102.77,104.27,21,1,11,1,0,1.4999,0,40.003,0,0.13332,0,0.19997,0,40.003,0,0.12202,0.015364,0.13385,0.015703
1233,12,119.33,120.4,21,1,12,1,0,1.0667,0,56.248,0,1,0,1.0667,0,56.248,0,0.090315,0.015933,0.086366,0.015938
1233,12,120.9,120.97,21,1,13,1,0,0.0666,0,900.9,0,1,0,0.0666,0,900.9,0,0.10948,0,0.10948,0
1233,12,121.37,123.1,21,1,14,1,0,1.7333,0,34.616,0,0.40383,0,0.69997,0,34.616,0,0.12104,0.0041099,0.11807,0.0033854
1233,12,124.33,124.4,21,1,15,1,0,0.0667,0,899.55,0,1,0,0.0667,0,899.55,0,0.27885,0.022973,0.27885,0.022973
1233,12,139.33,139.37,7,1,16,1,0,0.0333,0,1801.8,0,0,0,0,0,0,0,0.075273,0.026882,0.075273,0.026882
1233,12,157.77,157.83,17,1,17,0,1,0,0.0666,0,900.9,1,0,0.0666,0,900.9,0,0.077474,0.023311,0.077474,0.023311
1233,12,192.97,193.03,21,1,18,1,0,0.0666,0,900.9,0,0,0,0,0,0,0,0.08125,0.023809,0.08125,0.023809
1233,12,193.3,193.7,21,1,19,1,0,0.4,0,150,0,0,0,0,0,0,0,0.089252,0.022424,0.088411,0.022546
1233,12,214.67,215,7,1,20,0.20002,0.59996,0.066667,0.19997,180.02,180.02,0,1,0,0.3333,0,180.02,0.12282,0.026787,0.12262,0.027868
1233,12,225.43,226,2,1,21,0,1,0,0.5667,0,105.88,1,0,0.5667,0,105.88,0,0.10181,0.017696,0.09361,0.01998
1233,12,255.03,256.13,15,1,22,1,0,1.1,0,54.545,0,1,0,1.1,0,54.545,0,0.16751,0.036932,0.11706,0.035253
1233,12,256.57,256.63,15,1,23,1,0,0.0666,0,900.9,0,1,0,0.0666,0,900.9,0,0.10778,0.047881,0.10778,0.047881
1233,12,257.1,257.33,15,1,24,1,0,0.2333,0,257.18,0,1,0,0.2333,0,257.18,0,0.11746,0.04634,0.11629,0.045229
1233,12,257.83,257.93,15,1,25,1,0,0.1,0,600,0,1,0,0.1,0,600,0,0.14431,0.052459,0.14272,0.052645
1233,12,261.67,261.87,15,1,26,1,0,0.1999,0,300.15,0,0,1,0,0.1999,0,300.15,0.12298,0.040412,0.11803,0.040854
1233,12,262.67,262.87,15,1,27,1,0,0.1999,0,300.15,0,1,0,0.1999,0,300.15,0,0.09837,0.038142,0.098389,0.038537
1233,12,262.93,263.13,15,1,28,1,0,0.2,0,300,0,1,0,0.2,0,300,0,0.088241,0.033251,0.089212,0.031867
1233,12,263.23,263.3,15,1,29,1,0,0.0667,0,899.55,0,1,0,0.0667,0,899.55,0,0.085342,0.032162,0.085342,0.032162
1233,12,263.33,263.47,15,1,30,1,0,0.1333,0,450.11,0,1,0,0.1333,0,450.11,0,0.092187,0.032809,0.092285,0.032567
1233,12,263.5,263.7,15,1,31,1,0,0.2,0,300,0,1,0,0.2,0,300,0,0.083354,0.033455,0.084004,0.034558
1233,12,268.97,269.23,21,1,32,0,0,0,0,0,0,0,0,0,0,0,0,0.071382,0,0.071875,0
1233,12,274.57,274.87,21,1,33,0.55552,0,0.1666,0,200.07,0,0,0,0,0,0,0,0.2535,0.035701,0.27068,0.035894
1233,12,277.1,277.7,21,1,34,0,0,0,0,0,0,0,0.83333,0,0.16667,0,300,0.16278,0.048217,0.1576,0.047446
1233,12,277.77,277.87,21,1,35,1,0,0.0999,0,600.6,0,0,1,0,0.0999,0,600.6,0.11524,0.048901,0.11524,0.048901
1233,12,277.97,278.17,21,1,36,1,0,0.1999,0,300.15,0,0,1,0,0.1999,0,300.15,0.14498,0.044852,0.14354,0.045319
1233,12,278.23,278.47,21,1,37,1,0,0.2333,0,257.18,0,0,0.85741,0,0.20003,0,257.18,0.12266,0.040224,0.13021,0.039811
1233,12,288.5,288.57,10,1,38,0,0,0,0,0,0,0,1,0,0.0666,0,900.9,0.097318,0.029614,0.097318,0.029614
1233,12,310.6,311,5,1,39,0.91667,0,0.36667,0,150,0,1,0,0.4,0,150,0,0.10612,0.039244,0.10983,0.037819
1233,12,329.7,329.77,2,1,40,1,0,0.0666,0,900.9,0,0,1,0,0.0666,0,900.9,0.078901,0.025798,0.078901,0.025798
1234,12,33.367,33.5,6,1,1,1,0,0.1333,0,450.11,0,0,0,0,0,0,0,0.14461,0,0.14203,0
1234,12,45.467,45.667,6,1,2,0,0,0,0,0,0,1,0,0.1999,0,300.15,0,0.12006,0.0091712,0.11918,0.0088802
1234,12,59.333,59.9,11,1,3,1,0,0.5667,0,105.88,0,1,0,0.5667,0,105.88,0,0.15949,0.063342,0.15422,0.062653
1234,12,73.133,73.467,11,1,4,1,0,0.3333,0,180.02,0,1,0,0.3333,0,180.02,0,0.079697,0.02418,0.081608,0.023605
1234,12,73.567,73.633,11,1,5,1,0,0.0666,0,900.9,0,1,0,0.0666,0,900.9,0,0.081562,0.030814,0.081562,0.030814
1234,12,112.03,112.43,6,1,6,1,0,0.4,0,150,0,1,0,0.4,0,150,0,0.13181,0.0068359,0.13219,0.0068359
1234,12,116.63,118.4,6,1,7,1,0,1.7667,0,33.962,0,0.79246,0,0.70002,0,67.923,0,0.18011,0.038199,0.205,0.040789
1234,12,118.5,118.87,6,1,8,0.45463,0.18167,0.16667,0.0666,163.67,163.67,1,0,0.3666,0,163.67,0,0.18478,0.036614,0.20341,0.033953
1234,12,185.77,186.13,13,2,9,0,0,0,0,0,0,0.81824,0,0.29997,0,163.67,0,0.060518,0,0.061536,0
1234,12,186.2,186.33,13,2,10,0,0,0,0,0,0,0,0,0,0,0,0,0.052998,0.015894,0.052565,0.015098
1234,12,198.07,198.47,15,2,11,0,0,0,0,0,0,1,0,0.3999,0,150.04,0,0.24067,0.018581,0.21848,0.01888
1234,12,199.37,200.73,15,2,12,0.19511,0,0.26663,0,43.905,0,1,0,1.3666,0,43.905,0,0.27293,0.024136,0.28189,0.023723
1234,12,211.37,211.67,23,2,13,1,0,0.2999,0,200.07,0,1,0,0.2999,0,200.07,0,0.28891,0.042613,0.30059,0.042366
1234,12,215.57,215.73,15,2,14,0,0.60004,0,0.099967,0,360.14,1,0,0.1666,0,360.14,0,0.22949,0.038475,0.23165,0.03854
1234,12,215.77,215.8,15,2,15,1,0,0.0333,0,1801.8,0,1,0,0.0333,0,1801.8,0,0,0,0,0
1234,12,259.1,259.17,24,2,16,1,0,0.0666,0,900.9,0,1,0,0.0666,0,900.9,0,0.11438,0.040117,0.11438,0.040117
1234,12,335.83,335.93,20,3,17,1,0,0.1,0,600,0,1,0,0.1,0,600,0,0.10367,0.021616,0.10375,0.021477
1234,12,336,337.53,20,3,18,1,0,1.5333,0,39.131,0,1,0,1.5333,0,39.131,0,0.15271,0.038551,0.135,0.036016
1234,12,346.6,347.13,20,3,19,1,0,0.5333,0,112.51,0,1,0,0.5333,0,112.51,0,0.16432,0.039149,0.16867,0.039506
1234,12,411.63,411.93,12,3,20,0.33344,0,0.10003,0,200,0,1,0,0.3,0,200,0,0.31627,0.030602,0.29654,0.02851
1234,12,426.8,427.53,10,3,21,1,0,0.7333,0,81.822,0,1,0,0.7333,0,81.822,0,0.24918,0.047093,0.24632,0.04869
1235,12,36.6,36.733,20,1,1,1,0,0.1333,0,450.11,0,1,0,0.1333,0,450.11,0,0.077757,0.027669,0.077852,0.027669
1235,12,37.4,37.433,20,1,2,1,0,0.0333,0,1801.8,0,1,0,0.0333,0,1801.8,0,0.050859,0.013437,0.050859,0.013437
1235,12,37.567,37.667,20,1,3,1,0,0.0999,0,600.6,0,1,0,0.0999,0,600.6,0,0.061888,0,0.061888,0
1235,12,37.7,37.833,20,1,4,1,0,0.1333,0,450.11,0,1,0,0.1333,0,450.11,0,0.08013,0,0.080143,0
1235,12,59.3,59.367,4,1,5,0,0,0,0,0,0,1,0,0.0666,0,900.9,0,0.064212,0.016406,0.064212,0.016406
1235,12,60.433,60.8,4,1,6,0.72721,0,0.26667,0,163.62,0,1,0,0.3667,0,163.62,0,0.11369,0.041815,0.11464,0.036562
1235,12,60.9,60.933,4,1,7,1,0,0.0333,0,1801.8,0,1,0,0.0333,0,1801.8,0,0.11026,0.048516,0.11026,0.048516
1235,12,61.233,61.6,4,1,8,1,0,0.3667,0,163.62,0,1,0,0.3667,0,163.62,0,0.17935,0,0.18305,0
1235,12,61.833,62,4,1,9,1,0,0.1667,0,359.93,0,0,0,0,0,0,0,0.33321,0.0093001,0.33099,0.0085352
1235,12,62.9,63,4,1,10,1,0,0.1,0,600,0,0,0,0,0,0,0,0.091398,0,0.090951,0
1235,12,76.1,76.233,4,1,11,1,0,0.1333,0,450.11,0,0,1,0,0.1333,0,450.11,0.11683,0.026268,0.1158,0.025998
1235,12,99.767,100.03,9,1,12,0,0.5,0,0.1333,0,225.06,0,0,0,0,0,0,0.11001,0.026043,0.11042,0.025122
1235,12,117.23,117.3,21,1,13,1,0,0.0667,0,899.55,0,1,0,0.0667,0,899.55,0,0.069753,0.031007,0.069753,0.031007
1235,12,120.87,121.07,20,1,14,0,1,0,0.1999,0,300.15,0,0.49992,0,0.099933,0,300.15,0.086419,0.029135,0.086497,0.028864
1235,12,122.03,122.13,20,1,15,1,0,0.1,0,600,0,0,0,0,0,0,0,0.087509,0.02914,0.089063,0.029089
1235,12,247.13,247.53,22,2,16,1,0,0.4,0,150,0,0,0,0,0,0,0,0.082451,0.029589,0.082292,0.029449
1235,12,247.57,248.13,22,2,17,1,0,0.5666,0,105.89,0,0,0,0,0,0,0,0.15789,0.047319,0.179,0.045362
1235,12,261.13,262.33,24,2,18,1,0,1.2,0,50,0,0.25,0.47222,0.15,0.56667,100,50,0.11184,0.030303,0.10714,0.033254
1235,12,275.4,275.77,22,2,19,1,0,0.3666,0,163.67,0,0,0.6363,0,0.23327,0,163.67,0.1159,0.040176,0.11266,0.039022
1235,12,275.8,275.87,22,2,20,1,0,0.0666,0,900.9,0,0,1,0,0.0666,0,900.9,0.095293,0.046923,0.095293,0.046923
1235,12,275.9,276.33,22,2,21,1,0,0.4333,0,138.47,0,0,1,0,0.4333,0,138.47,0.15076,0.04588,0.15057,0.043735
1235,12,276.4,276.93,22,2,22,0,0,0,0,0,0,0,1,0,0.5333,0,112.51,0.13053,0.041541,0.13475,0.041238
1235,12,305.1,305.13,22,2,23,1,0,0.0333,0,1801.8,0,1,0,0.0333,0,1801.8,0,0.17133,0.046775,0.17133,0.046775
1235,12,305.17,305.2,22,2,24,1,0,0.0333,0,1801.8,0,1,0,0.0333,0,1801.8,0,0,0,0,0
1235,12,305.23,305.5,22,2,25,1,0,0.2667,0,224.97,0,0.87502,0,0.23337,0,224.97,0,0.14085,0.047675,0.14663,0.046576
1235,12,305.53,305.57,22,2,26,1,0,0.0333,0,1801.8,0,0,0,0,0,0,0,0.11842,0.039302,0.11842,0.039302
1235,12,305.6,305.63,22,2,27,1,0,0.0333,0,1801.8,0,0,0,0,0,0,0,0.15299,0.048068,0.15299,0.048068
1235,12,306.33,306.4,22,2,28,1,0,0.0667,0,899.55,0,1,0,0.0667,0,899.55,0,0.11901,0.044203,0.11901,0.044203
1235,12,309.8,310.27,22,2,29,1,0,0.4666,0,128.59,0,0,0.78568,0,0.3666,0,128.59,0.30935,0.033943,0.31494,0.029546
1235,12,310.3,310.33,22,2,30,1,0,0.0333,0,1801.8,0,0,1,0,0.0333,0,1801.8,0.13411,0.029133,0.13411,0.029133
1235,12,310.73,310.77,22,2,31,1,0,0.0333,0,1801.8,0,0,0,0,0,0,0,0.35156,0.037839,0.35156,0.037839
1235,12,319.77,320.03,21,2,32,0,0,0,0,0,0,0,0,0,0,0,0,0.2566,0,0.27964,0
1235,12,320.13,320.23,21,2,33,0.99967,0,0.099967,0,600,0,0,0,0,0,0,0,0.31557,0,0.31467,0
1235,12,320.27,320.3,21,2,34,1,0,0.0333,0,1801.8,0,0,0,0,0,0,0,0,0,0,0
1235,12,320.33,320.7,21,2,35,1,0,0.3667,0,163.62,0,0,0,0,0,0,0,0.13714,0.012109,0.135,0.012109
1235,12,320.73,320.9,21,2,36,1,0,0.1667,0,359.93,0,0,0,0,0,359.93,0,0.2177,0.0049566,0.22458,0.0041667
1235,12,320.93,321.47,21,2,37,0.18757,0,0.10003,0,112.51,0,0.75011,0,0.40003,0,112.51,0,0.19315,0.016667,0.18046,0.017188
1235,12,321.5,321.57,21,2,38,0,0,0,0,0,0,0,0,0,0,0,0,0.1043,0,0.1043,0
1235,12,321.63,321.67,21,2,39,0,0,0,0,0,0,0,0,0,0,0,0,0.093607,0.019141,0.093607,0.019141
1236,12,57.133,57.333,24,1,1,1,0,0.2,0,300,0,0,0,0,0,0,0,0.097033,0.027884,0.095182,0.027567
1236,12,57.367,58.033,24,1,2,1,0,0.6666,0,90.009,0,0,0,0,0,0,0,0.108,0.038146,0.10656,0.039277
1236,12,121.53,122,4,1,3,0,1,0,0.4667,0,128.56,0,0,0,0,0,0,0.23144,0.035467,0.21339,0.034853
1236,12,263.3,263.43,21,2,4,1,0,0.1333,0,450.11,0,0,0,0,0,0,0,0.12021,0.038346,0.11884,0.038499
1236,12,263.47,264.23,21,2,5,1,0,0.7666,0,78.268,0,0,0,0,0,0,0,0.27725,0.037823,0.26768,0.037445
1236,12,289.5,289.67,19,2,6,0,0,0,0,0,0,0,0,0,0,0,0,0.11421,0.036052,0.10461,0.035377
1236,12,324.23,324.3,2,2,7,0.49975,0,0.033333,0,899.55,0,0,0,0,0,0,0,0.31459,0.011302,0.31459,0.011302
1236,12,376.73,376.77,13,2,8,0,0,0,0,0,0,0,0,0,0,0,0,0.076198,0.034316,0.076198,0.034316
1237,12,46.067,46.6,21,1,1,1,0,0.5333,0,112.51,0,1,0,0.5333,0,112.51,0,0.17191,0.0571,0.17617,0.055036
1237,12,99.533,99.9,9,1,2,0,0,0,0,0,0,1,0,0.3667,0,163.62,0,0.19924,0.03889,0.19445,0.038988
1237,12,111.47,111.57,9,1,3,1,0,0.0999,0,600.6,0,0,0,0,0,0,0,0.13801,0.050915,0.13801,0.050915
1237,12,138.73,138.83,15,1,4,1,0,0.1,0,600,0,0,0,0,0,0,0,0.27249,0.049196,0.27371,0.048947
1237,12,150,150.23,17,1,5,1,0,0.2333,0,257.18,0,1,0,0.2333,0,257.18,0,0.28303,0.053055,0.28875,0.052308
1237,12,150.43,154.53,17,1,6,1,0,4.1,0,14.634,0,0.81301,0,1.6667,0,29.268,0,0.21449,0.052763,0.21383,0.053388
1237,12,154.57,155.2,17,1,7,1,0,0.6333,0,94.742,0,1,0,0.6333,0,94.742,0,0.19585,0.03903,0.1745,0.039005
1237,12,155.77,156.1,17,1,8,1,0,0.3333,0,180.02,0,1,0,0.3333,0,180.02,0,0.20511,0.043517,0.20508,0.043132
1237,12,234.23,234.97,11,1,9,1,0,0.7333,0,81.822,0,0.36361,0,0.13332,0,163.64,0,0.17611,0.042787,0.19045,0.043515
1237,12,238.33,239.1,11,1,10,1,0,0.7667,0,78.257,0,1,0,0.7667,0,78.257,0,0.1327,0.043507,0.13125,0.042301
1237,12,254.43,254.83,11,1,11,0,0,0,0,0,0,0,0,0,0,0,0,0.09559,0.009891,0.096289,0.0091276
1237,12,255.53,257.27,11,1,12,0.99998,0,1.7333,0,34.616,0,0.71155,0,1.2333,0,34.616,0,0.12673,0.030247,0.12785,0.0296
1237,12,345.67,345.8,6,1,13,1,0,0.1333,0,450.11,0,1,0,0.1333,0,450.11,0,0.1361,0.028675,0.13654,0.028761
1237,12,345.97,346.13,6,1,14,1,0,0.1666,0,360.14,0,0,0,0,0,0,0,0.15327,0.030099,0.15357,0.030448
1237,12,346.33,346.47,6,1,15,1,0,0.1333,0,450.11,0,0,0,0,0,0,0,0.12938,0.031044,0.12937,0.030881
1237,12,346.7,346.83,6,1,16,1,0,0.1333,0,450.11,0,1,0,0.1333,0,450.11,0,0.13382,0.030154,0.13382,0.029623
1237,12,347.07,347.23,6,1,17,1,0,0.1666,0,360.14,0,1,0,0.1666,0,360.14,0,0.18592,0.036706,0.1846,0.036538
1237,12,347.77,347.9,6,1,18,1,0,0.1333,0,450.11,0,0,0,0,0,0,0,0.20233,0.036857,0.2018,0.036815
1238,12,43.133,43.967,17,1,1,0.52006,0.35993,0.43337,0.29993,72.003,72.003,0.24005,0,0.20003,0,72.003,0,0.15567,0.041294,0.15654,0.041732
1238,12,102.77,102.83,16,1,2,1,0,0.0666,0,900.9,0,0,0,0,0,0,0,0.072461,0.021016,0.072461,0.021016
1238,12,105.63,106.2,16,1,3,1,0,0.5667,0,105.88,0,0,0,0,0,0,0,0.1114,0.019009,0.095833,0.018656
1238,12,106.23,106.27,16,1,4,1,0,0.0333,0,1801.8,0,0,0,0,0,0,0,0.067757,0.027107,0.067757,0.027107
1238,12,119.67,119.87,16,1,5,1,0,0.1999,0,300.15,0,0,0,0,0,0,0,0.069195,0.026033,0.06625,0.025277
1238,12,127.73,127.9,6,1,6,0,0.80004,0,0.13337,0,359.93,0,0,0,0,0,0,0.097869,0.035326,0.096191,0.034173
1238,12,144.8,145.47,21,1,7,1,0,0.6666,0,90.009,0,0,0,0,0,0,0,0.20331,0.023714,0.20067,0.023631
1238,12,156.8,156.83,21,1,8,1,0,0.0333,0,1801.8,0,0,0,0,0,0,0,0.19212,0.023698,0.19212,0.023698
1238,12,217.67,218.1,24,1,9,1,0,0.4333,0,138.47,0,0.15378,0,0.066633,0,138.47,0,0.082571,0.02582,0.085677,0.024015
1238,12,244.1,244.13,22,1,10,1,0,0.0333,0,1801.8,0,0,0,0,0,0,0,0.10145,0.0262,0.10145,0.0262
1239,12,216.77,217.4,20,1,1,1,0,0.6333,0,94.742,0,0,0,0,0,0,0,0.21797,0,0.22555,0
1239,12,363.43,364.27,20,1,2,1,0,0.8333,0,72.003,0,0,0,0,0,0,0,0.16071,0.038487,0.16161,0.039375
